Sector,Sub-Industry,Production process,Impact driver,Rating
Industrials,Airlines,Airport services,Disturbances,H
Industrials,Airlines,Airport services,Freshwater ecosystem use,ND
Industrials,Airlines,Airport services,GHG emissions,VH
Industrials,Airlines,Airport services,Marine ecosystem use,ND
Industrials,Airlines,Airport services,Non-GHG air pollutants,H
Industrials,Airlines,Airport services,Other resource use,ND
Industrials,Airlines,Airport services,Soil pollutants,H
Industrials,Airlines,Airport services,Solid waste,H
Industrials,Airlines,Airport services,Terrestrial ecosystem use,ND
Industrials,Airlines,Airport services,Water pollutants,H
Industrials,Airlines,Airport services,Water use,H
Industrials,Airlines,Airport services,Biological interferences/alterations,H
Industrials,Airport Services,Airport services,Disturbances,H
Industrials,Airport Services,Airport services,Freshwater ecosystem use,ND
Industrials,Airport Services,Airport services,GHG emissions,VH
Industrials,Airport Services,Airport services,Marine ecosystem use,ND
Industrials,Airport Services,Airport services,Non-GHG air pollutants,H
Industrials,Airport Services,Airport services,Other resource use,ND
Industrials,Airport Services,Airport services,Soil pollutants,H
Industrials,Airport Services,Airport services,Solid waste,H
Industrials,Airport Services,Airport services,Terrestrial ecosystem use,ND
Industrials,Airport Services,Airport services,Water pollutants,H
Industrials,Airport Services,Airport services,Water use,H
Industrials,Airport Services,Airport services,Biological interferences/alterations,H
Consumer Staples,Brewers,Alcoholic fermentation and distilling,Disturbances,ND
Consumer Staples,Brewers,Alcoholic fermentation and distilling,Freshwater ecosystem use,ND
Consumer Staples,Brewers,Alcoholic fermentation and distilling,GHG emissions,VH
Consumer Staples,Brewers,Alcoholic fermentation and distilling,Marine ecosystem use,ND
Consumer Staples,Brewers,Alcoholic fermentation and distilling,Non-GHG air pollutants,ND
Consumer Staples,Brewers,Alcoholic fermentation and distilling,Other resource use,ND
Consumer Staples,Brewers,Alcoholic fermentation and distilling,Soil pollutants,H
Consumer Staples,Brewers,Alcoholic fermentation and distilling,Solid waste,H
Consumer Staples,Brewers,Alcoholic fermentation and distilling,Terrestrial ecosystem use,ND
Consumer Staples,Brewers,Alcoholic fermentation and distilling,Water pollutants,H
Consumer Staples,Brewers,Alcoholic fermentation and distilling,Water use,H
Consumer Staples,Brewers,Alcoholic fermentation and distilling,Biological interferences/alterations,ND
Consumer Staples,Distillers & Vintners,Alcoholic fermentation and distilling,Disturbances,ND
Consumer Staples,Distillers & Vintners,Alcoholic fermentation and distilling,Freshwater ecosystem use,ND
Consumer Staples,Distillers & Vintners,Alcoholic fermentation and distilling,GHG emissions,VH
Consumer Staples,Distillers & Vintners,Alcoholic fermentation and distilling,Marine ecosystem use,ND
Consumer Staples,Distillers & Vintners,Alcoholic fermentation and distilling,Non-GHG air pollutants,ND
Consumer Staples,Distillers & Vintners,Alcoholic fermentation and distilling,Other resource use,ND
Consumer Staples,Distillers & Vintners,Alcoholic fermentation and distilling,Soil pollutants,H
Consumer Staples,Distillers & Vintners,Alcoholic fermentation and distilling,Solid waste,H
Consumer Staples,Distillers & Vintners,Alcoholic fermentation and distilling,Terrestrial ecosystem use,ND
Consumer Staples,Distillers & Vintners,Alcoholic fermentation and distilling,Water pollutants,H
Consumer Staples,Distillers & Vintners,Alcoholic fermentation and distilling,Water use,H
Consumer Staples,Distillers & Vintners,Alcoholic fermentation and distilling,Biological interferences/alterations,ND
Materials,Aluminum,Alumina refining,Disturbances,ND
Materials,Aluminum,Alumina refining,Freshwater ecosystem use,ND
Materials,Aluminum,Alumina refining,GHG emissions,VH
Materials,Aluminum,Alumina refining,Marine ecosystem use,ND
Materials,Aluminum,Alumina refining,Non-GHG air pollutants,ND
Materials,Aluminum,Alumina refining,Other resource use,ND
Materials,Aluminum,Alumina refining,Soil pollutants,H
Materials,Aluminum,Alumina refining,Solid waste,H
Materials,Aluminum,Alumina refining,Terrestrial ecosystem use,ND
Materials,Aluminum,Alumina refining,Water pollutants,H
Materials,Aluminum,Alumina refining,Water use,VH
Materials,Aluminum,Alumina refining,Biological interferences/alterations,ND
Consumer Staples,Agricultural Products,Aquaculture,Disturbances,ND
Consumer Staples,Agricultural Products,Aquaculture,Freshwater ecosystem use,VH
Consumer Staples,Agricultural Products,Aquaculture,GHG emissions,ND
Consumer Staples,Agricultural Products,Aquaculture,Marine ecosystem use,H
Consumer Staples,Agricultural Products,Aquaculture,Non-GHG air pollutants,ND
Consumer Staples,Agricultural Products,Aquaculture,Other resource use,M
Consumer Staples,Agricultural Products,Aquaculture,Soil pollutants,H
Consumer Staples,Agricultural Products,Aquaculture,Solid waste,ND
Consumer Staples,Agricultural Products,Aquaculture,Terrestrial ecosystem use,ND
Consumer Staples,Agricultural Products,Aquaculture,Water pollutants,H
Consumer Staples,Agricultural Products,Aquaculture,Water use,ND
Consumer Staples,Agricultural Products,Aquaculture,Biological interferences/alterations,M
Utilities,Renewable Electricity,Biomass energy production,Disturbances,ND
Utilities,Renewable Electricity,Biomass energy production,Freshwater ecosystem use,ND
Utilities,Renewable Electricity,Biomass energy production,GHG emissions,VH
Utilities,Renewable Electricity,Biomass energy production,Marine ecosystem use,ND
Utilities,Renewable Electricity,Biomass energy production,Non-GHG air pollutants,H
Utilities,Renewable Electricity,Biomass energy production,Other resource use,ND
Utilities,Renewable Electricity,Biomass energy production,Soil pollutants,ND
Utilities,Renewable Electricity,Biomass energy production,Solid waste,H
Utilities,Renewable Electricity,Biomass energy production,Terrestrial ecosystem use,ND
Utilities,Renewable Electricity,Biomass energy production,Water pollutants,H
Utilities,Renewable Electricity,Biomass energy production,Water use,H
Utilities,Renewable Electricity,Biomass energy production,Biological interferences/alterations,ND
Consumer Discretionary,Cable & Satellite,Cable and satellite installations on land,Disturbances,H
Consumer Discretionary,Cable & Satellite,Cable and satellite installations on land,Freshwater ecosystem use,L
Consumer Discretionary,Cable & Satellite,Cable and satellite installations on land,GHG emissions,ND
Consumer Discretionary,Cable & Satellite,Cable and satellite installations on land,Marine ecosystem use,ND
Consumer Discretionary,Cable & Satellite,Cable and satellite installations on land,Non-GHG air pollutants,ND
Consumer Discretionary,Cable & Satellite,Cable and satellite installations on land,Other resource use,ND
Consumer Discretionary,Cable & Satellite,Cable and satellite installations on land,Soil pollutants,ND
Consumer Discretionary,Cable & Satellite,Cable and satellite installations on land,Solid waste,ND
Consumer Discretionary,Cable & Satellite,Cable and satellite installations on land,Terrestrial ecosystem use,L
Consumer Discretionary,Cable & Satellite,Cable and satellite installations on land,Water pollutants,ND
Consumer Discretionary,Cable & Satellite,Cable and satellite installations on land,Water use,ND
Consumer Discretionary,Cable & Satellite,Cable and satellite installations on land,Biological interferences/alterations,ND
Telecommunication Services,Alternative Carriers,Cable and satellite installations on land,Disturbances,H
Telecommunication Services,Alternative Carriers,Cable and satellite installations on land,Freshwater ecosystem use,L
Telecommunication Services,Alternative Carriers,Cable and satellite installations on land,GHG emissions,ND
Telecommunication Services,Alternative Carriers,Cable and satellite installations on land,Marine ecosystem use,ND
Telecommunication Services,Alternative Carriers,Cable and satellite installations on land,Non-GHG air pollutants,ND
Telecommunication Services,Alternative Carriers,Cable and satellite installations on land,Other resource use,ND
Telecommunication Services,Alternative Carriers,Cable and satellite installations on land,Soil pollutants,ND
Telecommunication Services,Alternative Carriers,Cable and satellite installations on land,Solid waste,ND
Telecommunication Services,Alternative Carriers,Cable and satellite installations on land,Terrestrial ecosystem use,L
Telecommunication Services,Alternative Carriers,Cable and satellite installations on land,Water pollutants,ND
Telecommunication Services,Alternative Carriers,Cable and satellite installations on land,Water use,ND
Telecommunication Services,Alternative Carriers,Cable and satellite installations on land,Biological interferences/alterations,ND
Materials,Commodity Chemicals,"Catalytic cracking, fractional distillation and crystallization",Disturbances,ND
Materials,Commodity Chemicals,"Catalytic cracking, fractional distillation and crystallization",Freshwater ecosystem use,ND
Materials,Commodity Chemicals,"Catalytic cracking, fractional distillation and crystallization",GHG emissions,VH
Materials,Commodity Chemicals,"Catalytic cracking, fractional distillation and crystallization",Marine ecosystem use,ND
Materials,Commodity Chemicals,"Catalytic cracking, fractional distillation and crystallization",Non-GHG air pollutants,H
Materials,Commodity Chemicals,"Catalytic cracking, fractional distillation and crystallization",Other resource use,ND
Materials,Commodity Chemicals,"Catalytic cracking, fractional distillation and crystallization",Soil pollutants,H
Materials,Commodity Chemicals,"Catalytic cracking, fractional distillation and crystallization",Solid waste,H
Materials,Commodity Chemicals,"Catalytic cracking, fractional distillation and crystallization",Terrestrial ecosystem use,H
Materials,Commodity Chemicals,"Catalytic cracking, fractional distillation and crystallization",Water pollutants,H
Materials,Commodity Chemicals,"Catalytic cracking, fractional distillation and crystallization",Water use,H
Materials,Commodity Chemicals,"Catalytic cracking, fractional distillation and crystallization",Biological interferences/alterations,ND
Materials,Industrial Gases,"Catalytic cracking, fractional distillation and crystallization",Disturbances,ND
Materials,Industrial Gases,"Catalytic cracking, fractional distillation and crystallization",Freshwater ecosystem use,ND
Materials,Industrial Gases,"Catalytic cracking, fractional distillation and crystallization",GHG emissions,VH
Materials,Industrial Gases,"Catalytic cracking, fractional distillation and crystallization",Marine ecosystem use,ND
Materials,Industrial Gases,"Catalytic cracking, fractional distillation and crystallization",Non-GHG air pollutants,H
Materials,Industrial Gases,"Catalytic cracking, fractional distillation and crystallization",Other resource use,ND
Materials,Industrial Gases,"Catalytic cracking, fractional distillation and crystallization",Soil pollutants,H
Materials,Industrial Gases,"Catalytic cracking, fractional distillation and crystallization",Solid waste,H
Materials,Industrial Gases,"Catalytic cracking, fractional distillation and crystallization",Terrestrial ecosystem use,H
Materials,Industrial Gases,"Catalytic cracking, fractional distillation and crystallization",Water pollutants,H
Materials,Industrial Gases,"Catalytic cracking, fractional distillation and crystallization",Water use,H
Materials,Industrial Gases,"Catalytic cracking, fractional distillation and crystallization",Biological interferences/alterations,ND
Materials,Specialty Chemicals,"Catalytic cracking, fractional distillation and crystallization",Disturbances,ND
Materials,Specialty Chemicals,"Catalytic cracking, fractional distillation and crystallization",Freshwater ecosystem use,ND
Materials,Specialty Chemicals,"Catalytic cracking, fractional distillation and crystallization",GHG emissions,VH
Materials,Specialty Chemicals,"Catalytic cracking, fractional distillation and crystallization",Marine ecosystem use,ND
Materials,Specialty Chemicals,"Catalytic cracking, fractional distillation and crystallization",Non-GHG air pollutants,H
Materials,Specialty Chemicals,"Catalytic cracking, fractional distillation and crystallization",Other resource use,ND
Materials,Specialty Chemicals,"Catalytic cracking, fractional distillation and crystallization",Soil pollutants,H
Materials,Specialty Chemicals,"Catalytic cracking, fractional distillation and crystallization",Solid waste,H
Materials,Specialty Chemicals,"Catalytic cracking, fractional distillation and crystallization",Terrestrial ecosystem use,H
Materials,Specialty Chemicals,"Catalytic cracking, fractional distillation and crystallization",Water pollutants,H
Materials,Specialty Chemicals,"Catalytic cracking, fractional distillation and crystallization",Water use,H
Materials,Specialty Chemicals,"Catalytic cracking, fractional distillation and crystallization",Biological interferences/alterations,ND
Consumer Discretionary,Homebuilding,Construction,Disturbances,H
Consumer Discretionary,Homebuilding,Construction,Freshwater ecosystem use,H
Consumer Discretionary,Homebuilding,Construction,GHG emissions,VH
Consumer Discretionary,Homebuilding,Construction,Marine ecosystem use,ND
Consumer Discretionary,Homebuilding,Construction,Non-GHG air pollutants,H
Consumer Discretionary,Homebuilding,Construction,Other resource use,ND
Consumer Discretionary,Homebuilding,Construction,Soil pollutants,M
Consumer Discretionary,Homebuilding,Construction,Solid waste,H
Consumer Discretionary,Homebuilding,Construction,Terrestrial ecosystem use,VH
Consumer Discretionary,Homebuilding,Construction,Water pollutants,M
Consumer Discretionary,Homebuilding,Construction,Water use,H
Consumer Discretionary,Homebuilding,Construction,Biological interferences/alterations,M
Industrials,Highways & Railtracks,Construction,Disturbances,H
Industrials,Highways & Railtracks,Construction,Freshwater ecosystem use,H
Industrials,Highways & Railtracks,Construction,GHG emissions,VH
Industrials,Highways & Railtracks,Construction,Marine ecosystem use,ND
Industrials,Highways & Railtracks,Construction,Non-GHG air pollutants,H
Industrials,Highways & Railtracks,Construction,Other resource use,ND
Industrials,Highways & Railtracks,Construction,Soil pollutants,M
Industrials,Highways & Railtracks,Construction,Solid waste,H
Industrials,Highways & Railtracks,Construction,Terrestrial ecosystem use,VH
Industrials,Highways & Railtracks,Construction,Water pollutants,M
Industrials,Highways & Railtracks,Construction,Water use,H
Industrials,Highways & Railtracks,Construction,Biological interferences/alterations,M
Materials,Construction Materials,Construction materials production,Disturbances,H
Materials,Construction Materials,Construction materials production,Freshwater ecosystem use,H
Materials,Construction Materials,Construction materials production,GHG emissions,VH
Materials,Construction Materials,Construction materials production,Marine ecosystem use,H
Materials,Construction Materials,Construction materials production,Non-GHG air pollutants,H
Materials,Construction Materials,Construction materials production,Other resource use,ND
Materials,Construction Materials,Construction materials production,Soil pollutants,ND
Materials,Construction Materials,Construction materials production,Solid waste,H
Materials,Construction Materials,Construction materials production,Terrestrial ecosystem use,VH
Materials,Construction Materials,Construction materials production,Water pollutants,M
Materials,Construction Materials,Construction materials production,Water use,H
Materials,Construction Materials,Construction materials production,Biological interferences/alterations,ND
Consumer Discretionary,"Hotels, Resorts & Cruise Lines",Cruise line provision,Disturbances,ND
Consumer Discretionary,"Hotels, Resorts & Cruise Lines",Cruise line provision,Freshwater ecosystem use,ND
Consumer Discretionary,"Hotels, Resorts & Cruise Lines",Cruise line provision,GHG emissions,VH
Consumer Discretionary,"Hotels, Resorts & Cruise Lines",Cruise line provision,Marine ecosystem use,M
Consumer Discretionary,"Hotels, Resorts & Cruise Lines",Cruise line provision,Non-GHG air pollutants,L
Consumer Discretionary,"Hotels, Resorts & Cruise Lines",Cruise line provision,Other resource use,ND
Consumer Discretionary,"Hotels, Resorts & Cruise Lines",Cruise line provision,Soil pollutants,ND
Consumer Discretionary,"Hotels, Resorts & Cruise Lines",Cruise line provision,Solid waste,M
Consumer Discretionary,"Hotels, Resorts & Cruise Lines",Cruise line provision,Terrestrial ecosystem use,ND
Consumer Discretionary,"Hotels, Resorts & Cruise Lines",Cruise line provision,Water pollutants,H
Consumer Discretionary,"Hotels, Resorts & Cruise Lines",Cruise line provision,Water use,M
Consumer Discretionary,"Hotels, Resorts & Cruise Lines",Cruise line provision,Biological interferences/alterations,ND
Materials,Industrial Gases,Cryogenic air separation,Disturbances,H
Materials,Industrial Gases,Cryogenic air separation,Freshwater ecosystem use,ND
Materials,Industrial Gases,Cryogenic air separation,GHG emissions,ND
Materials,Industrial Gases,Cryogenic air separation,Marine ecosystem use,ND
Materials,Industrial Gases,Cryogenic air separation,Non-GHG air pollutants,L
Materials,Industrial Gases,Cryogenic air separation,Other resource use,ND
Materials,Industrial Gases,Cryogenic air separation,Soil pollutants,M
Materials,Industrial Gases,Cryogenic air separation,Solid waste,ND
Materials,Industrial Gases,Cryogenic air separation,Terrestrial ecosystem use,ND
Materials,Industrial Gases,Cryogenic air separation,Water pollutants,M
Materials,Industrial Gases,Cryogenic air separation,Water use,H
Materials,Industrial Gases,Cryogenic air separation,Biological interferences/alterations,ND
Consumer Discretionary,Distributors,Distribution,Disturbances,H
Consumer Discretionary,Distributors,Distribution,Freshwater ecosystem use,ND
Consumer Discretionary,Distributors,Distribution,GHG emissions,VH
Consumer Discretionary,Distributors,Distribution,Marine ecosystem use,M
Consumer Discretionary,Distributors,Distribution,Non-GHG air pollutants,H
Consumer Discretionary,Distributors,Distribution,Other resource use,ND
Consumer Discretionary,Distributors,Distribution,Soil pollutants,L
Consumer Discretionary,Distributors,Distribution,Solid waste,ND
Consumer Discretionary,Distributors,Distribution,Terrestrial ecosystem use,ND
Consumer Discretionary,Distributors,Distribution,Water pollutants,L
Consumer Discretionary,Distributors,Distribution,Water use,ND
Consumer Discretionary,Distributors,Distribution,Biological interferences/alterations,H
Consumer Staples,Food Distributors,Distribution,Disturbances,H
Consumer Staples,Food Distributors,Distribution,Freshwater ecosystem use,ND
Consumer Staples,Food Distributors,Distribution,GHG emissions,VH
Consumer Staples,Food Distributors,Distribution,Marine ecosystem use,M
Consumer Staples,Food Distributors,Distribution,Non-GHG air pollutants,H
Consumer Staples,Food Distributors,Distribution,Other resource use,ND
Consumer Staples,Food Distributors,Distribution,Soil pollutants,L
Consumer Staples,Food Distributors,Distribution,Solid waste,ND
Consumer Staples,Food Distributors,Distribution,Terrestrial ecosystem use,ND
Consumer Staples,Food Distributors,Distribution,Water pollutants,L
Consumer Staples,Food Distributors,Distribution,Water use,ND
Consumer Staples,Food Distributors,Distribution,Biological interferences/alterations,H
Health Care,Health Care Distributors,Distribution,Disturbances,H
Health Care,Health Care Distributors,Distribution,Freshwater ecosystem use,ND
Health Care,Health Care Distributors,Distribution,GHG emissions,VH
Health Care,Health Care Distributors,Distribution,Marine ecosystem use,M
Health Care,Health Care Distributors,Distribution,Non-GHG air pollutants,H
Health Care,Health Care Distributors,Distribution,Other resource use,ND
Health Care,Health Care Distributors,Distribution,Soil pollutants,L
Health Care,Health Care Distributors,Distribution,Solid waste,ND
Health Care,Health Care Distributors,Distribution,Terrestrial ecosystem use,ND
Health Care,Health Care Distributors,Distribution,Water pollutants,L
Health Care,Health Care Distributors,Distribution,Water use,ND
Health Care,Health Care Distributors,Distribution,Biological interferences/alterations,H
Industrials,Air Freight & Logistics,Distribution,Disturbances,H
Industrials,Air Freight & Logistics,Distribution,Freshwater ecosystem use,ND
Industrials,Air Freight & Logistics,Distribution,GHG emissions,VH
Industrials,Air Freight & Logistics,Distribution,Marine ecosystem use,M
Industrials,Air Freight & Logistics,Distribution,Non-GHG air pollutants,H
Industrials,Air Freight & Logistics,Distribution,Other resource use,ND
Industrials,Air Freight & Logistics,Distribution,Soil pollutants,L
Industrials,Air Freight & Logistics,Distribution,Solid waste,ND
Industrials,Air Freight & Logistics,Distribution,Terrestrial ecosystem use,ND
Industrials,Air Freight & Logistics,Distribution,Water pollutants,L
Industrials,Air Freight & Logistics,Distribution,Water use,ND
Industrials,Air Freight & Logistics,Distribution,Biological interferences/alterations,H
Industrials,Trading Companies & Distributors,Distribution,Disturbances,H
Industrials,Trading Companies & Distributors,Distribution,Freshwater ecosystem use,ND
Industrials,Trading Companies & Distributors,Distribution,GHG emissions,VH
Industrials,Trading Companies & Distributors,Distribution,Marine ecosystem use,M
Industrials,Trading Companies & Distributors,Distribution,Non-GHG air pollutants,H
Industrials,Trading Companies & Distributors,Distribution,Other resource use,ND
Industrials,Trading Companies & Distributors,Distribution,Soil pollutants,L
Industrials,Trading Companies & Distributors,Distribution,Solid waste,ND
Industrials,Trading Companies & Distributors,Distribution,Terrestrial ecosystem use,ND
Industrials,Trading Companies & Distributors,Distribution,Water pollutants,L
Industrials,Trading Companies & Distributors,Distribution,Water use,ND
Industrials,Trading Companies & Distributors,Distribution,Biological interferences/alterations,H
Information Technology,Technology Distributors,Distribution,Disturbances,H
Information Technology,Technology Distributors,Distribution,Freshwater ecosystem use,ND
Information Technology,Technology Distributors,Distribution,GHG emissions,VH
Information Technology,Technology Distributors,Distribution,Marine ecosystem use,M
Information Technology,Technology Distributors,Distribution,Non-GHG air pollutants,H
Information Technology,Technology Distributors,Distribution,Other resource use,ND
Information Technology,Technology Distributors,Distribution,Soil pollutants,L
Information Technology,Technology Distributors,Distribution,Solid waste,ND
Information Technology,Technology Distributors,Distribution,Terrestrial ecosystem use,ND
Information Technology,Technology Distributors,Distribution,Water pollutants,L
Information Technology,Technology Distributors,Distribution,Water use,ND
Information Technology,Technology Distributors,Distribution,Biological interferences/alterations,H
Utilities,Electric Utilities,Electric/nuclear power transmission and distribution,Disturbances,ND
Utilities,Electric Utilities,Electric/nuclear power transmission and distribution,Freshwater ecosystem use,ND
Utilities,Electric Utilities,Electric/nuclear power transmission and distribution,GHG emissions,VH
Utilities,Electric Utilities,Electric/nuclear power transmission and distribution,Marine ecosystem use,ND
Utilities,Electric Utilities,Electric/nuclear power transmission and distribution,Non-GHG air pollutants,ND
Utilities,Electric Utilities,Electric/nuclear power transmission and distribution,Other resource use,ND
Utilities,Electric Utilities,Electric/nuclear power transmission and distribution,Soil pollutants,ND
Utilities,Electric Utilities,Electric/nuclear power transmission and distribution,Solid waste,ND
Utilities,Electric Utilities,Electric/nuclear power transmission and distribution,Terrestrial ecosystem use,M
Utilities,Electric Utilities,Electric/nuclear power transmission and distribution,Water pollutants,M
Utilities,Electric Utilities,Electric/nuclear power transmission and distribution,Water use,ND
Utilities,Electric Utilities,Electric/nuclear power transmission and distribution,Biological interferences/alterations,ND
Utilities,Independent Power Producers & Energy Traders,Electric/nuclear power transmission and distribution,Disturbances,ND
Utilities,Independent Power Producers & Energy Traders,Electric/nuclear power transmission and distribution,Freshwater ecosystem use,ND
Utilities,Independent Power Producers & Energy Traders,Electric/nuclear power transmission and distribution,GHG emissions,VH
Utilities,Independent Power Producers & Energy Traders,Electric/nuclear power transmission and distribution,Marine ecosystem use,ND
Utilities,Independent Power Producers & Energy Traders,Electric/nuclear power transmission and distribution,Non-GHG air pollutants,ND
Utilities,Independent Power Producers & Energy Traders,Electric/nuclear power transmission and distribution,Other resource use,ND
Utilities,Independent Power Producers & Energy Traders,Electric/nuclear power transmission and distribution,Soil pollutants,ND
Utilities,Independent Power Producers & Energy Traders,Electric/nuclear power transmission and distribution,Solid waste,ND
Utilities,Independent Power Producers & Energy Traders,Electric/nuclear power transmission and distribution,Terrestrial ecosystem use,M
Utilities,Independent Power Producers & Energy Traders,Electric/nuclear power transmission and distribution,Water pollutants,M
Utilities,Independent Power Producers & Energy Traders,Electric/nuclear power transmission and distribution,Water use,ND
Utilities,Independent Power Producers & Energy Traders,Electric/nuclear power transmission and distribution,Biological interferences/alterations,ND
Consumer Discretionary,Consumer Electronics,Electronics and hardware production,Disturbances,M
Consumer Discretionary,Consumer Electronics,Electronics and hardware production,Freshwater ecosystem use,ND
Consumer Discretionary,Consumer Electronics,Electronics and hardware production,GHG emissions,ND
Consumer Discretionary,Consumer Electronics,Electronics and hardware production,Marine ecosystem use,ND
Consumer Discretionary,Consumer Electronics,Electronics and hardware production,Non-GHG air pollutants,ND
Consumer Discretionary,Consumer Electronics,Electronics and hardware production,Other resource use,ND
Consumer Discretionary,Consumer Electronics,Electronics and hardware production,Soil pollutants,H
Consumer Discretionary,Consumer Electronics,Electronics and hardware production,Solid waste,M
Consumer Discretionary,Consumer Electronics,Electronics and hardware production,Terrestrial ecosystem use,ND
Consumer Discretionary,Consumer Electronics,Electronics and hardware production,Water pollutants,H
Consumer Discretionary,Consumer Electronics,Electronics and hardware production,Water use,ND
Consumer Discretionary,Consumer Electronics,Electronics and hardware production,Biological interferences/alterations,ND
Industrials,Electrical Components & Equipment,Electronics and hardware production,Disturbances,M
Industrials,Electrical Components & Equipment,Electronics and hardware production,Freshwater ecosystem use,ND
Industrials,Electrical Components & Equipment,Electronics and hardware production,GHG emissions,ND
Industrials,Electrical Components & Equipment,Electronics and hardware production,Marine ecosystem use,ND
Industrials,Electrical Components & Equipment,Electronics and hardware production,Non-GHG air pollutants,ND
Industrials,Electrical Components & Equipment,Electronics and hardware production,Other resource use,ND
Industrials,Electrical Components & Equipment,Electronics and hardware production,Soil pollutants,H
Industrials,Electrical Components & Equipment,Electronics and hardware production,Solid waste,M
Industrials,Electrical Components & Equipment,Electronics and hardware production,Terrestrial ecosystem use,ND
Industrials,Electrical Components & Equipment,Electronics and hardware production,Water pollutants,H
Industrials,Electrical Components & Equipment,Electronics and hardware production,Water use,ND
Industrials,Electrical Components & Equipment,Electronics and hardware production,Biological interferences/alterations,ND
Information Technology,Communications Equipment,Electronics and hardware production,Disturbances,M
Information Technology,Communications Equipment,Electronics and hardware production,Freshwater ecosystem use,ND
Information Technology,Communications Equipment,Electronics and hardware production,GHG emissions,ND
Information Technology,Communications Equipment,Electronics and hardware production,Marine ecosystem use,ND
Information Technology,Communications Equipment,Electronics and hardware production,Non-GHG air pollutants,ND
Information Technology,Communications Equipment,Electronics and hardware production,Other resource use,ND
Information Technology,Communications Equipment,Electronics and hardware production,Soil pollutants,H
Information Technology,Communications Equipment,Electronics and hardware production,Solid waste,M
Information Technology,Communications Equipment,Electronics and hardware production,Terrestrial ecosystem use,ND
Information Technology,Communications Equipment,Electronics and hardware production,Water pollutants,H
Information Technology,Communications Equipment,Electronics and hardware production,Water use,ND
Information Technology,Communications Equipment,Electronics and hardware production,Biological interferences/alterations,ND
Information Technology,Electronic Components,Electronics and hardware production,Disturbances,M
Information Technology,Electronic Components,Electronics and hardware production,Freshwater ecosystem use,ND
Information Technology,Electronic Components,Electronics and hardware production,GHG emissions,ND
Information Technology,Electronic Components,Electronics and hardware production,Marine ecosystem use,ND
Information Technology,Electronic Components,Electronics and hardware production,Non-GHG air pollutants,ND
Information Technology,Electronic Components,Electronics and hardware production,Other resource use,ND
Information Technology,Electronic Components,Electronics and hardware production,Soil pollutants,H
Information Technology,Electronic Components,Electronics and hardware production,Solid waste,M
Information Technology,Electronic Components,Electronics and hardware production,Terrestrial ecosystem use,ND
Information Technology,Electronic Components,Electronics and hardware production,Water pollutants,H
Information Technology,Electronic Components,Electronics and hardware production,Water use,ND
Information Technology,Electronic Components,Electronics and hardware production,Biological interferences/alterations,ND
Information Technology,Electronic Equipment & Instruments,Electronics and hardware production,Disturbances,M
Information Technology,Electronic Equipment & Instruments,Electronics and hardware production,Freshwater ecosystem use,ND
Information Technology,Electronic Equipment & Instruments,Electronics and hardware production,GHG emissions,ND
Information Technology,Electronic Equipment & Instruments,Electronics and hardware production,Marine ecosystem use,ND
Information Technology,Electronic Equipment & Instruments,Electronics and hardware production,Non-GHG air pollutants,ND
Information Technology,Electronic Equipment & Instruments,Electronics and hardware production,Other resource use,ND
Information Technology,Electronic Equipment & Instruments,Electronics and hardware production,Soil pollutants,H
Information Technology,Electronic Equipment & Instruments,Electronics and hardware production,Solid waste,M
Information Technology,Electronic Equipment & Instruments,Electronics and hardware production,Terrestrial ecosystem use,ND
Information Technology,Electronic Equipment & Instruments,Electronics and hardware production,Water pollutants,H
Information Technology,Electronic Equipment & Instruments,Electronics and hardware production,Water use,ND
Information Technology,Electronic Equipment & Instruments,Electronics and hardware production,Biological interferences/alterations,ND
Information Technology,Electronic Manufacturing Services,Electronics and hardware production,Disturbances,M
Information Technology,Electronic Manufacturing Services,Electronics and hardware production,Freshwater ecosystem use,ND
Information Technology,Electronic Manufacturing Services,Electronics and hardware production,GHG emissions,ND
Information Technology,Electronic Manufacturing Services,Electronics and hardware production,Marine ecosystem use,ND
Information Technology,Electronic Manufacturing Services,Electronics and hardware production,Non-GHG air pollutants,ND
Information Technology,Electronic Manufacturing Services,Electronics and hardware production,Other resource use,ND
Information Technology,Electronic Manufacturing Services,Electronics and hardware production,Soil pollutants,H
Information Technology,Electronic Manufacturing Services,Electronics and hardware production,Solid waste,M
Information Technology,Electronic Manufacturing Services,Electronics and hardware production,Terrestrial ecosystem use,ND
Information Technology,Electronic Manufacturing Services,Electronics and hardware production,Water pollutants,H
Information Technology,Electronic Manufacturing Services,Electronics and hardware production,Water use,ND
Information Technology,Electronic Manufacturing Services,Electronics and hardware production,Biological interferences/alterations,ND
Information Technology,"Technology Hardware, Storage & Peripherals",Electronics and hardware production,Disturbances,M
Information Technology,"Technology Hardware, Storage & Peripherals",Electronics and hardware production,Freshwater ecosystem use,ND
Information Technology,"Technology Hardware, Storage & Peripherals",Electronics and hardware production,GHG emissions,ND
Information Technology,"Technology Hardware, Storage & Peripherals",Electronics and hardware production,Marine ecosystem use,ND
Information Technology,"Technology Hardware, Storage & Peripherals",Electronics and hardware production,Non-GHG air pollutants,ND
Information Technology,"Technology Hardware, Storage & Peripherals",Electronics and hardware production,Other resource use,ND
Information Technology,"Technology Hardware, Storage & Peripherals",Electronics and hardware production,Soil pollutants,H
Information Technology,"Technology Hardware, Storage & Peripherals",Electronics and hardware production,Solid waste,M
Information Technology,"Technology Hardware, Storage & Peripherals",Electronics and hardware production,Terrestrial ecosystem use,ND
Information Technology,"Technology Hardware, Storage & Peripherals",Electronics and hardware production,Water pollutants,H
Information Technology,"Technology Hardware, Storage & Peripherals",Electronics and hardware production,Water use,ND
Information Technology,"Technology Hardware, Storage & Peripherals",Electronics and hardware production,Biological interferences/alterations,ND
Industrials,Environmental & Facilities Services,Environmental and facilities services,Disturbances,ND
Industrials,Environmental & Facilities Services,Environmental and facilities services,Freshwater ecosystem use,ND
Industrials,Environmental & Facilities Services,Environmental and facilities services,GHG emissions,ND
Industrials,Environmental & Facilities Services,Environmental and facilities services,Marine ecosystem use,ND
Industrials,Environmental & Facilities Services,Environmental and facilities services,Non-GHG air pollutants,ND
Industrials,Environmental & Facilities Services,Environmental and facilities services,Other resource use,ND
Industrials,Environmental & Facilities Services,Environmental and facilities services,Soil pollutants,ND
Industrials,Environmental & Facilities Services,Environmental and facilities services,Solid waste,M
Industrials,Environmental & Facilities Services,Environmental and facilities services,Terrestrial ecosystem use,ND
Industrials,Environmental & Facilities Services,Environmental and facilities services,Water pollutants,ND
Industrials,Environmental & Facilities Services,Environmental and facilities services,Water use,ND
Industrials,Environmental & Facilities Services,Environmental and facilities services,Biological interferences/alterations,ND
Telecommunication Services,Alternative Carriers,Fibre-optic cable installation (marine),Disturbances,H
Telecommunication Services,Alternative Carriers,Fibre-optic cable installation (marine),Freshwater ecosystem use,H
Telecommunication Services,Alternative Carriers,Fibre-optic cable installation (marine),GHG emissions,ND
Telecommunication Services,Alternative Carriers,Fibre-optic cable installation (marine),Marine ecosystem use,H
Telecommunication Services,Alternative Carriers,Fibre-optic cable installation (marine),Non-GHG air pollutants,ND
Telecommunication Services,Alternative Carriers,Fibre-optic cable installation (marine),Other resource use,ND
Telecommunication Services,Alternative Carriers,Fibre-optic cable installation (marine),Soil pollutants,ND
Telecommunication Services,Alternative Carriers,Fibre-optic cable installation (marine),Solid waste,ND
Telecommunication Services,Alternative Carriers,Fibre-optic cable installation (marine),Terrestrial ecosystem use,ND
Telecommunication Services,Alternative Carriers,Fibre-optic cable installation (marine),Water pollutants,H
Telecommunication Services,Alternative Carriers,Fibre-optic cable installation (marine),Water use,ND
Telecommunication Services,Alternative Carriers,Fibre-optic cable installation (marine),Biological interferences/alterations,ND
Financials,Asset Management & Custody Banks,Financial services,Disturbances,ND
Financials,Asset Management & Custody Banks,Financial services,Freshwater ecosystem use,ND
Financials,Asset Management & Custody Banks,Financial services,GHG emissions,ND
Financials,Asset Management & Custody Banks,Financial services,Marine ecosystem use,ND
Financials,Asset Management & Custody Banks,Financial services,Non-GHG air pollutants,ND
Financials,Asset Management & Custody Banks,Financial services,Other resource use,ND
Financials,Asset Management & Custody Banks,Financial services,Soil pollutants,ND
Financials,Asset Management & Custody Banks,Financial services,Solid waste,M
Financials,Asset Management & Custody Banks,Financial services,Terrestrial ecosystem use,ND
Financials,Asset Management & Custody Banks,Financial services,Water pollutants,ND
Financials,Asset Management & Custody Banks,Financial services,Water use,ND
Financials,Asset Management & Custody Banks,Financial services,Biological interferences/alterations,ND
Financials,Consumer Finance,Financial services,Disturbances,ND
Financials,Consumer Finance,Financial services,Freshwater ecosystem use,ND
Financials,Consumer Finance,Financial services,GHG emissions,ND
Financials,Consumer Finance,Financial services,Marine ecosystem use,ND
Financials,Consumer Finance,Financial services,Non-GHG air pollutants,ND
Financials,Consumer Finance,Financial services,Other resource use,ND
Financials,Consumer Finance,Financial services,Soil pollutants,ND
Financials,Consumer Finance,Financial services,Solid waste,M
Financials,Consumer Finance,Financial services,Terrestrial ecosystem use,ND
Financials,Consumer Finance,Financial services,Water pollutants,ND
Financials,Consumer Finance,Financial services,Water use,ND
Financials,Consumer Finance,Financial services,Biological interferences/alterations,ND
Financials,Diversified Banks,Financial services,Disturbances,ND
Financials,Diversified Banks,Financial services,Freshwater ecosystem use,ND
Financials,Diversified Banks,Financial services,GHG emissions,ND
Financials,Diversified Banks,Financial services,Marine ecosystem use,ND
Financials,Diversified Banks,Financial services,Non-GHG air pollutants,ND
Financials,Diversified Banks,Financial services,Other resource use,ND
Financials,Diversified Banks,Financial services,Soil pollutants,ND
Financials,Diversified Banks,Financial services,Solid waste,M
Financials,Diversified Banks,Financial services,Terrestrial ecosystem use,ND
Financials,Diversified Banks,Financial services,Water pollutants,ND
Financials,Diversified Banks,Financial services,Water use,ND
Financials,Diversified Banks,Financial services,Biological interferences/alterations,ND
Financials,Diversified Capital Markets,Financial services,Disturbances,ND
Financials,Diversified Capital Markets,Financial services,Freshwater ecosystem use,ND
Financials,Diversified Capital Markets,Financial services,GHG emissions,ND
Financials,Diversified Capital Markets,Financial services,Marine ecosystem use,ND
Financials,Diversified Capital Markets,Financial services,Non-GHG air pollutants,ND
Financials,Diversified Capital Markets,Financial services,Other resource use,ND
Financials,Diversified Capital Markets,Financial services,Soil pollutants,ND
Financials,Diversified Capital Markets,Financial services,Solid waste,M
Financials,Diversified Capital Markets,Financial services,Terrestrial ecosystem use,ND
Financials,Diversified Capital Markets,Financial services,Water pollutants,ND
Financials,Diversified Capital Markets,Financial services,Water use,ND
Financials,Diversified Capital Markets,Financial services,Biological interferences/alterations,ND
Financials,Financial Exchanges & Data,Financial services,Disturbances,ND
Financials,Financial Exchanges & Data,Financial services,Freshwater ecosystem use,ND
Financials,Financial Exchanges & Data,Financial services,GHG emissions,ND
Financials,Financial Exchanges & Data,Financial services,Marine ecosystem use,ND
Financials,Financial Exchanges & Data,Financial services,Non-GHG air pollutants,ND
Financials,Financial Exchanges & Data,Financial services,Other resource use,ND
Financials,Financial Exchanges & Data,Financial services,Soil pollutants,ND
Financials,Financial Exchanges & Data,Financial services,Solid waste,M
Financials,Financial Exchanges & Data,Financial services,Terrestrial ecosystem use,ND
Financials,Financial Exchanges & Data,Financial services,Water pollutants,ND
Financials,Financial Exchanges & Data,Financial services,Water use,ND
Financials,Financial Exchanges & Data,Financial services,Biological interferences/alterations,ND
Financials,Insurance Brokers,Financial services,Disturbances,ND
Financials,Insurance Brokers,Financial services,Freshwater ecosystem use,ND
Financials,Insurance Brokers,Financial services,GHG emissions,ND
Financials,Insurance Brokers,Financial services,Marine ecosystem use,ND
Financials,Insurance Brokers,Financial services,Non-GHG air pollutants,ND
Financials,Insurance Brokers,Financial services,Other resource use,ND
Financials,Insurance Brokers,Financial services,Soil pollutants,ND
Financials,Insurance Brokers,Financial services,Solid waste,M
Financials,Insurance Brokers,Financial services,Terrestrial ecosystem use,ND
Financials,Insurance Brokers,Financial services,Water pollutants,ND
Financials,Insurance Brokers,Financial services,Water use,ND
Financials,Insurance Brokers,Financial services,Biological interferences/alterations,ND
Financials,Investment Banking & Brokerage,Financial services,Disturbances,ND
Financials,Investment Banking & Brokerage,Financial services,Freshwater ecosystem use,ND
Financials,Investment Banking & Brokerage,Financial services,GHG emissions,ND
Financials,Investment Banking & Brokerage,Financial services,Marine ecosystem use,ND
Financials,Investment Banking & Brokerage,Financial services,Non-GHG air pollutants,ND
Financials,Investment Banking & Brokerage,Financial services,Other resource use,ND
Financials,Investment Banking & Brokerage,Financial services,Soil pollutants,ND
Financials,Investment Banking & Brokerage,Financial services,Solid waste,M
Financials,Investment Banking & Brokerage,Financial services,Terrestrial ecosystem use,ND
Financials,Investment Banking & Brokerage,Financial services,Water pollutants,ND
Financials,Investment Banking & Brokerage,Financial services,Water use,ND
Financials,Investment Banking & Brokerage,Financial services,Biological interferences/alterations,ND
Financials,Life & Health Insurance,Financial services,Disturbances,ND
Financials,Life & Health Insurance,Financial services,Freshwater ecosystem use,ND
Financials,Life & Health Insurance,Financial services,GHG emissions,ND
Financials,Life & Health Insurance,Financial services,Marine ecosystem use,ND
Financials,Life & Health Insurance,Financial services,Non-GHG air pollutants,ND
Financials,Life & Health Insurance,Financial services,Other resource use,ND
Financials,Life & Health Insurance,Financial services,Soil pollutants,ND
Financials,Life & Health Insurance,Financial services,Solid waste,M
Financials,Life & Health Insurance,Financial services,Terrestrial ecosystem use,ND
Financials,Life & Health Insurance,Financial services,Water pollutants,ND
Financials,Life & Health Insurance,Financial services,Water use,ND
Financials,Life & Health Insurance,Financial services,Biological interferences/alterations,ND
Financials,Multi-line Insurance,Financial services,Disturbances,ND
Financials,Multi-line Insurance,Financial services,Freshwater ecosystem use,ND
Financials,Multi-line Insurance,Financial services,GHG emissions,ND
Financials,Multi-line Insurance,Financial services,Marine ecosystem use,ND
Financials,Multi-line Insurance,Financial services,Non-GHG air pollutants,ND
Financials,Multi-line Insurance,Financial services,Other resource use,ND
Financials,Multi-line Insurance,Financial services,Soil pollutants,ND
Financials,Multi-line Insurance,Financial services,Solid waste,M
Financials,Multi-line Insurance,Financial services,Terrestrial ecosystem use,ND
Financials,Multi-line Insurance,Financial services,Water pollutants,ND
Financials,Multi-line Insurance,Financial services,Water use,ND
Financials,Multi-line Insurance,Financial services,Biological interferences/alterations,ND
Financials,Multi-Sector Holdings,Financial services,Disturbances,ND
Financials,Multi-Sector Holdings,Financial services,Freshwater ecosystem use,ND
Financials,Multi-Sector Holdings,Financial services,GHG emissions,ND
Financials,Multi-Sector Holdings,Financial services,Marine ecosystem use,ND
Financials,Multi-Sector Holdings,Financial services,Non-GHG air pollutants,ND
Financials,Multi-Sector Holdings,Financial services,Other resource use,ND
Financials,Multi-Sector Holdings,Financial services,Soil pollutants,ND
Financials,Multi-Sector Holdings,Financial services,Solid waste,M
Financials,Multi-Sector Holdings,Financial services,Terrestrial ecosystem use,ND
Financials,Multi-Sector Holdings,Financial services,Water pollutants,ND
Financials,Multi-Sector Holdings,Financial services,Water use,ND
Financials,Multi-Sector Holdings,Financial services,Biological interferences/alterations,ND
Financials,Other Diversified Financial Services,Financial services,Disturbances,ND
Financials,Other Diversified Financial Services,Financial services,Freshwater ecosystem use,ND
Financials,Other Diversified Financial Services,Financial services,GHG emissions,ND
Financials,Other Diversified Financial Services,Financial services,Marine ecosystem use,ND
Financials,Other Diversified Financial Services,Financial services,Non-GHG air pollutants,ND
Financials,Other Diversified Financial Services,Financial services,Other resource use,ND
Financials,Other Diversified Financial Services,Financial services,Soil pollutants,ND
Financials,Other Diversified Financial Services,Financial services,Solid waste,M
Financials,Other Diversified Financial Services,Financial services,Terrestrial ecosystem use,ND
Financials,Other Diversified Financial Services,Financial services,Water pollutants,ND
Financials,Other Diversified Financial Services,Financial services,Water use,ND
Financials,Other Diversified Financial Services,Financial services,Biological interferences/alterations,ND
Financials,Property & Casualty Insurance,Financial services,Disturbances,ND
Financials,Property & Casualty Insurance,Financial services,Freshwater ecosystem use,ND
Financials,Property & Casualty Insurance,Financial services,GHG emissions,ND
Financials,Property & Casualty Insurance,Financial services,Marine ecosystem use,ND
Financials,Property & Casualty Insurance,Financial services,Non-GHG air pollutants,ND
Financials,Property & Casualty Insurance,Financial services,Other resource use,ND
Financials,Property & Casualty Insurance,Financial services,Soil pollutants,ND
Financials,Property & Casualty Insurance,Financial services,Solid waste,M
Financials,Property & Casualty Insurance,Financial services,Terrestrial ecosystem use,ND
Financials,Property & Casualty Insurance,Financial services,Water pollutants,ND
Financials,Property & Casualty Insurance,Financial services,Water use,ND
Financials,Property & Casualty Insurance,Financial services,Biological interferences/alterations,ND
Financials,Regional Banks,Financial services,Disturbances,ND
Financials,Regional Banks,Financial services,Freshwater ecosystem use,ND
Financials,Regional Banks,Financial services,GHG emissions,ND
Financials,Regional Banks,Financial services,Marine ecosystem use,ND
Financials,Regional Banks,Financial services,Non-GHG air pollutants,ND
Financials,Regional Banks,Financial services,Other resource use,ND
Financials,Regional Banks,Financial services,Soil pollutants,ND
Financials,Regional Banks,Financial services,Solid waste,M
Financials,Regional Banks,Financial services,Terrestrial ecosystem use,ND
Financials,Regional Banks,Financial services,Water pollutants,ND
Financials,Regional Banks,Financial services,Water use,ND
Financials,Regional Banks,Financial services,Biological interferences/alterations,ND
Financials,Reinsurance,Financial services,Disturbances,ND
Financials,Reinsurance,Financial services,Freshwater ecosystem use,ND
Financials,Reinsurance,Financial services,GHG emissions,ND
Financials,Reinsurance,Financial services,Marine ecosystem use,ND
Financials,Reinsurance,Financial services,Non-GHG air pollutants,ND
Financials,Reinsurance,Financial services,Other resource use,ND
Financials,Reinsurance,Financial services,Soil pollutants,ND
Financials,Reinsurance,Financial services,Solid waste,M
Financials,Reinsurance,Financial services,Terrestrial ecosystem use,ND
Financials,Reinsurance,Financial services,Water pollutants,ND
Financials,Reinsurance,Financial services,Water use,ND
Financials,Reinsurance,Financial services,Biological interferences/alterations,ND
Financials,Specialized Finance,Financial services,Disturbances,ND
Financials,Specialized Finance,Financial services,Freshwater ecosystem use,ND
Financials,Specialized Finance,Financial services,GHG emissions,ND
Financials,Specialized Finance,Financial services,Marine ecosystem use,ND
Financials,Specialized Finance,Financial services,Non-GHG air pollutants,ND
Financials,Specialized Finance,Financial services,Other resource use,ND
Financials,Specialized Finance,Financial services,Soil pollutants,ND
Financials,Specialized Finance,Financial services,Solid waste,M
Financials,Specialized Finance,Financial services,Terrestrial ecosystem use,ND
Financials,Specialized Finance,Financial services,Water pollutants,ND
Financials,Specialized Finance,Financial services,Water use,ND
Financials,Specialized Finance,Financial services,Biological interferences/alterations,ND
Financials,Thrifts & Mortgage Finance,Financial services,Disturbances,ND
Financials,Thrifts & Mortgage Finance,Financial services,Freshwater ecosystem use,ND
Financials,Thrifts & Mortgage Finance,Financial services,GHG emissions,ND
Financials,Thrifts & Mortgage Finance,Financial services,Marine ecosystem use,ND
Financials,Thrifts & Mortgage Finance,Financial services,Non-GHG air pollutants,ND
Financials,Thrifts & Mortgage Finance,Financial services,Other resource use,ND
Financials,Thrifts & Mortgage Finance,Financial services,Soil pollutants,ND
Financials,Thrifts & Mortgage Finance,Financial services,Solid waste,M
Financials,Thrifts & Mortgage Finance,Financial services,Terrestrial ecosystem use,ND
Financials,Thrifts & Mortgage Finance,Financial services,Water pollutants,ND
Financials,Thrifts & Mortgage Finance,Financial services,Water use,ND
Financials,Thrifts & Mortgage Finance,Financial services,Biological interferences/alterations,ND
Consumer Discretionary,Footwear,Footwear production,Disturbances,ND
Consumer Discretionary,Footwear,Footwear production,Freshwater ecosystem use,ND
Consumer Discretionary,Footwear,Footwear production,GHG emissions,ND
Consumer Discretionary,Footwear,Footwear production,Marine ecosystem use,ND
Consumer Discretionary,Footwear,Footwear production,Non-GHG air pollutants,H
Consumer Discretionary,Footwear,Footwear production,Other resource use,ND
Consumer Discretionary,Footwear,Footwear production,Soil pollutants,M
Consumer Discretionary,Footwear,Footwear production,Solid waste,M
Consumer Discretionary,Footwear,Footwear production,Terrestrial ecosystem use,ND
Consumer Discretionary,Footwear,Footwear production,Water pollutants,M
Consumer Discretionary,Footwear,Footwear production,Water use,H
Consumer Discretionary,Footwear,Footwear production,Biological interferences/alterations,ND
Consumer Staples,Agricultural Products,Freshwater wild-caught fish,Disturbances,ND
Consumer Staples,Agricultural Products,Freshwater wild-caught fish,Freshwater ecosystem use,VH
Consumer Staples,Agricultural Products,Freshwater wild-caught fish,GHG emissions,ND
Consumer Staples,Agricultural Products,Freshwater wild-caught fish,Marine ecosystem use,ND
Consumer Staples,Agricultural Products,Freshwater wild-caught fish,Non-GHG air pollutants,ND
Consumer Staples,Agricultural Products,Freshwater wild-caught fish,Other resource use,H
Consumer Staples,Agricultural Products,Freshwater wild-caught fish,Soil pollutants,ND
Consumer Staples,Agricultural Products,Freshwater wild-caught fish,Solid waste,ND
Consumer Staples,Agricultural Products,Freshwater wild-caught fish,Terrestrial ecosystem use,ND
Consumer Staples,Agricultural Products,Freshwater wild-caught fish,Water pollutants,H
Consumer Staples,Agricultural Products,Freshwater wild-caught fish,Water use,ND
Consumer Staples,Agricultural Products,Freshwater wild-caught fish,Biological interferences/alterations,ND
Materials,Industrial Gases,Gas adsorption,Disturbances,ND
Materials,Industrial Gases,Gas adsorption,Freshwater ecosystem use,ND
Materials,Industrial Gases,Gas adsorption,GHG emissions,VH
Materials,Industrial Gases,Gas adsorption,Marine ecosystem use,ND
Materials,Industrial Gases,Gas adsorption,Non-GHG air pollutants,ND
Materials,Industrial Gases,Gas adsorption,Other resource use,ND
Materials,Industrial Gases,Gas adsorption,Soil pollutants,ND
Materials,Industrial Gases,Gas adsorption,Solid waste,ND
Materials,Industrial Gases,Gas adsorption,Terrestrial ecosystem use,ND
Materials,Industrial Gases,Gas adsorption,Water pollutants,ND
Materials,Industrial Gases,Gas adsorption,Water use,ND
Materials,Industrial Gases,Gas adsorption,Biological interferences/alterations,ND
Utilities,Gas Utilities,Gas distribution,Disturbances,ND
Utilities,Gas Utilities,Gas distribution,Freshwater ecosystem use,ND
Utilities,Gas Utilities,Gas distribution,GHG emissions,VH
Utilities,Gas Utilities,Gas distribution,Marine ecosystem use,H
Utilities,Gas Utilities,Gas distribution,Non-GHG air pollutants,ND
Utilities,Gas Utilities,Gas distribution,Other resource use,ND
Utilities,Gas Utilities,Gas distribution,Soil pollutants,ND
Utilities,Gas Utilities,Gas distribution,Solid waste,ND
Utilities,Gas Utilities,Gas distribution,Terrestrial ecosystem use,H
Utilities,Gas Utilities,Gas distribution,Water pollutants,ND
Utilities,Gas Utilities,Gas distribution,Water use,ND
Utilities,Gas Utilities,Gas distribution,Biological interferences/alterations,ND
Utilities,Gas Utilities,Gas retail,Disturbances,ND
Utilities,Gas Utilities,Gas retail,Freshwater ecosystem use,ND
Utilities,Gas Utilities,Gas retail,GHG emissions,ND
Utilities,Gas Utilities,Gas retail,Marine ecosystem use,ND
Utilities,Gas Utilities,Gas retail,Non-GHG air pollutants,ND
Utilities,Gas Utilities,Gas retail,Other resource use,ND
Utilities,Gas Utilities,Gas retail,Soil pollutants,ND
Utilities,Gas Utilities,Gas retail,Solid waste,M
Utilities,Gas Utilities,Gas retail,Terrestrial ecosystem use,ND
Utilities,Gas Utilities,Gas retail,Water pollutants,ND
Utilities,Gas Utilities,Gas retail,Water use,ND
Utilities,Gas Utilities,Gas retail,Biological interferences/alterations,ND
Utilities,Renewable Electricity,Geothermal energy production,Disturbances,H
Utilities,Renewable Electricity,Geothermal energy production,Freshwater ecosystem use,ND
Utilities,Renewable Electricity,Geothermal energy production,GHG emissions,VH
Utilities,Renewable Electricity,Geothermal energy production,Marine ecosystem use,ND
Utilities,Renewable Electricity,Geothermal energy production,Non-GHG air pollutants,ND
Utilities,Renewable Electricity,Geothermal energy production,Other resource use,ND
Utilities,Renewable Electricity,Geothermal energy production,Soil pollutants,H
Utilities,Renewable Electricity,Geothermal energy production,Solid waste,ND
Utilities,Renewable Electricity,Geothermal energy production,Terrestrial ecosystem use,ND
Utilities,Renewable Electricity,Geothermal energy production,Water pollutants,H
Utilities,Renewable Electricity,Geothermal energy production,Water use,VH
Utilities,Renewable Electricity,Geothermal energy production,Biological interferences/alterations,ND
Industrials,Building Products,Glass making,Disturbances,ND
Industrials,Building Products,Glass making,Freshwater ecosystem use,ND
Industrials,Building Products,Glass making,GHG emissions,VH
Industrials,Building Products,Glass making,Marine ecosystem use,ND
Industrials,Building Products,Glass making,Non-GHG air pollutants,H
Industrials,Building Products,Glass making,Other resource use,ND
Industrials,Building Products,Glass making,Soil pollutants,ND
Industrials,Building Products,Glass making,Solid waste,L
Industrials,Building Products,Glass making,Terrestrial ecosystem use,ND
Industrials,Building Products,Glass making,Water pollutants,H
Industrials,Building Products,Glass making,Water use,VH
Industrials,Building Products,Glass making,Biological interferences/alterations,ND
Consumer Discretionary,"Hotels, Resorts & Cruise Lines",Hotels and resorts provision,Disturbances,ND
Consumer Discretionary,"Hotels, Resorts & Cruise Lines",Hotels and resorts provision,Freshwater ecosystem use,ND
Consumer Discretionary,"Hotels, Resorts & Cruise Lines",Hotels and resorts provision,GHG emissions,ND
Consumer Discretionary,"Hotels, Resorts & Cruise Lines",Hotels and resorts provision,Marine ecosystem use,ND
Consumer Discretionary,"Hotels, Resorts & Cruise Lines",Hotels and resorts provision,Non-GHG air pollutants,ND
Consumer Discretionary,"Hotels, Resorts & Cruise Lines",Hotels and resorts provision,Other resource use,ND
Consumer Discretionary,"Hotels, Resorts & Cruise Lines",Hotels and resorts provision,Soil pollutants,ND
Consumer Discretionary,"Hotels, Resorts & Cruise Lines",Hotels and resorts provision,Solid waste,M
Consumer Discretionary,"Hotels, Resorts & Cruise Lines",Hotels and resorts provision,Terrestrial ecosystem use,ND
Consumer Discretionary,"Hotels, Resorts & Cruise Lines",Hotels and resorts provision,Water pollutants,ND
Consumer Discretionary,"Hotels, Resorts & Cruise Lines",Hotels and resorts provision,Water use,ND
Consumer Discretionary,"Hotels, Resorts & Cruise Lines",Hotels and resorts provision,Biological interferences/alterations,ND
Consumer Discretionary,Housewares & Specialties,Houseware and specialities production,Disturbances,ND
Consumer Discretionary,Housewares & Specialties,Houseware and specialities production,Freshwater ecosystem use,ND
Consumer Discretionary,Housewares & Specialties,Houseware and specialities production,GHG emissions,ND
Consumer Discretionary,Housewares & Specialties,Houseware and specialities production,Marine ecosystem use,ND
Consumer Discretionary,Housewares & Specialties,Houseware and specialities production,Non-GHG air pollutants,H
Consumer Discretionary,Housewares & Specialties,Houseware and specialities production,Other resource use,ND
Consumer Discretionary,Housewares & Specialties,Houseware and specialities production,Soil pollutants,M
Consumer Discretionary,Housewares & Specialties,Houseware and specialities production,Solid waste,M
Consumer Discretionary,Housewares & Specialties,Houseware and specialities production,Terrestrial ecosystem use,ND
Consumer Discretionary,Housewares & Specialties,Houseware and specialities production,Water pollutants,M
Consumer Discretionary,Housewares & Specialties,Houseware and specialities production,Water use,VH
Consumer Discretionary,Housewares & Specialties,Houseware and specialities production,Biological interferences/alterations,ND
Utilities,Electric Utilities,Hydropower production,Disturbances,ND
Utilities,Electric Utilities,Hydropower production,Freshwater ecosystem use,VH
Utilities,Electric Utilities,Hydropower production,GHG emissions,M
Utilities,Electric Utilities,Hydropower production,Marine ecosystem use,ND
Utilities,Electric Utilities,Hydropower production,Non-GHG air pollutants,ND
Utilities,Electric Utilities,Hydropower production,Other resource use,ND
Utilities,Electric Utilities,Hydropower production,Soil pollutants,H
Utilities,Electric Utilities,Hydropower production,Solid waste,ND
Utilities,Electric Utilities,Hydropower production,Terrestrial ecosystem use,VH
Utilities,Electric Utilities,Hydropower production,Water pollutants,H
Utilities,Electric Utilities,Hydropower production,Water use,VH
Utilities,Electric Utilities,Hydropower production,Biological interferences/alterations,ND
Utilities,Independent Power Producers & Energy Traders,Hydropower production,Disturbances,ND
Utilities,Independent Power Producers & Energy Traders,Hydropower production,Freshwater ecosystem use,VH
Utilities,Independent Power Producers & Energy Traders,Hydropower production,GHG emissions,M
Utilities,Independent Power Producers & Energy Traders,Hydropower production,Marine ecosystem use,ND
Utilities,Independent Power Producers & Energy Traders,Hydropower production,Non-GHG air pollutants,ND
Utilities,Independent Power Producers & Energy Traders,Hydropower production,Other resource use,ND
Utilities,Independent Power Producers & Energy Traders,Hydropower production,Soil pollutants,H
Utilities,Independent Power Producers & Energy Traders,Hydropower production,Solid waste,ND
Utilities,Independent Power Producers & Energy Traders,Hydropower production,Terrestrial ecosystem use,VH
Utilities,Independent Power Producers & Energy Traders,Hydropower production,Water pollutants,H
Utilities,Independent Power Producers & Energy Traders,Hydropower production,Water use,VH
Utilities,Independent Power Producers & Energy Traders,Hydropower production,Biological interferences/alterations,ND
Utilities,Renewable Electricity,Hydropower production,Disturbances,ND
Utilities,Renewable Electricity,Hydropower production,Freshwater ecosystem use,VH
Utilities,Renewable Electricity,Hydropower production,GHG emissions,M
Utilities,Renewable Electricity,Hydropower production,Marine ecosystem use,ND
Utilities,Renewable Electricity,Hydropower production,Non-GHG air pollutants,ND
Utilities,Renewable Electricity,Hydropower production,Other resource use,ND
Utilities,Renewable Electricity,Hydropower production,Soil pollutants,H
Utilities,Renewable Electricity,Hydropower production,Solid waste,ND
Utilities,Renewable Electricity,Hydropower production,Terrestrial ecosystem use,VH
Utilities,Renewable Electricity,Hydropower production,Water pollutants,H
Utilities,Renewable Electricity,Hydropower production,Water use,VH
Utilities,Renewable Electricity,Hydropower production,Biological interferences/alterations,ND
Materials,Diversified Chemicals,Incomplete combustion,Disturbances,ND
Materials,Diversified Chemicals,Incomplete combustion,Freshwater ecosystem use,ND
Materials,Diversified Chemicals,Incomplete combustion,GHG emissions,VH
Materials,Diversified Chemicals,Incomplete combustion,Marine ecosystem use,ND
Materials,Diversified Chemicals,Incomplete combustion,Non-GHG air pollutants,H
Materials,Diversified Chemicals,Incomplete combustion,Other resource use,ND
Materials,Diversified Chemicals,Incomplete combustion,Soil pollutants,ND
Materials,Diversified Chemicals,Incomplete combustion,Solid waste,ND
Materials,Diversified Chemicals,Incomplete combustion,Terrestrial ecosystem use,H
Materials,Diversified Chemicals,Incomplete combustion,Water pollutants,ND
Materials,Diversified Chemicals,Incomplete combustion,Water use,H
Materials,Diversified Chemicals,Incomplete combustion,Biological interferences/alterations,ND
Industrials,Construction & Engineering,Infrastructure builds,Disturbances,H
Industrials,Construction & Engineering,Infrastructure builds,Freshwater ecosystem use,H
Industrials,Construction & Engineering,Infrastructure builds,GHG emissions,VH
Industrials,Construction & Engineering,Infrastructure builds,Marine ecosystem use,VH
Industrials,Construction & Engineering,Infrastructure builds,Non-GHG air pollutants,H
Industrials,Construction & Engineering,Infrastructure builds,Other resource use,ND
Industrials,Construction & Engineering,Infrastructure builds,Soil pollutants,H
Industrials,Construction & Engineering,Infrastructure builds,Solid waste,M
Industrials,Construction & Engineering,Infrastructure builds,Terrestrial ecosystem use,VH
Industrials,Construction & Engineering,Infrastructure builds,Water pollutants,H
Industrials,Construction & Engineering,Infrastructure builds,Water use,H
Industrials,Construction & Engineering,Infrastructure builds,Biological interferences/alterations,M
Consumer Discretionary,Advertising,Infrastructure holdings,Disturbances,ND
Consumer Discretionary,Advertising,Infrastructure holdings,Freshwater ecosystem use,ND
Consumer Discretionary,Advertising,Infrastructure holdings,GHG emissions,ND
Consumer Discretionary,Advertising,Infrastructure holdings,Marine ecosystem use,ND
Consumer Discretionary,Advertising,Infrastructure holdings,Non-GHG air pollutants,M
Consumer Discretionary,Advertising,Infrastructure holdings,Other resource use,ND
Consumer Discretionary,Advertising,Infrastructure holdings,Soil pollutants,H
Consumer Discretionary,Advertising,Infrastructure holdings,Solid waste,M
Consumer Discretionary,Advertising,Infrastructure holdings,Terrestrial ecosystem use,ND
Consumer Discretionary,Advertising,Infrastructure holdings,Water pollutants,H
Consumer Discretionary,Advertising,Infrastructure holdings,Water use,H
Consumer Discretionary,Advertising,Infrastructure holdings,Biological interferences/alterations,ND
Consumer Discretionary,Apparel Retail,Infrastructure holdings,Disturbances,ND
Consumer Discretionary,Apparel Retail,Infrastructure holdings,Freshwater ecosystem use,ND
Consumer Discretionary,Apparel Retail,Infrastructure holdings,GHG emissions,ND
Consumer Discretionary,Apparel Retail,Infrastructure holdings,Marine ecosystem use,ND
Consumer Discretionary,Apparel Retail,Infrastructure holdings,Non-GHG air pollutants,M
Consumer Discretionary,Apparel Retail,Infrastructure holdings,Other resource use,ND
Consumer Discretionary,Apparel Retail,Infrastructure holdings,Soil pollutants,H
Consumer Discretionary,Apparel Retail,Infrastructure holdings,Solid waste,M
Consumer Discretionary,Apparel Retail,Infrastructure holdings,Terrestrial ecosystem use,ND
Consumer Discretionary,Apparel Retail,Infrastructure holdings,Water pollutants,H
Consumer Discretionary,Apparel Retail,Infrastructure holdings,Water use,H
Consumer Discretionary,Apparel Retail,Infrastructure holdings,Biological interferences/alterations,ND
Consumer Discretionary,Automotive Retail,Infrastructure holdings,Disturbances,ND
Consumer Discretionary,Automotive Retail,Infrastructure holdings,Freshwater ecosystem use,ND
Consumer Discretionary,Automotive Retail,Infrastructure holdings,GHG emissions,ND
Consumer Discretionary,Automotive Retail,Infrastructure holdings,Marine ecosystem use,ND
Consumer Discretionary,Automotive Retail,Infrastructure holdings,Non-GHG air pollutants,M
Consumer Discretionary,Automotive Retail,Infrastructure holdings,Other resource use,ND
Consumer Discretionary,Automotive Retail,Infrastructure holdings,Soil pollutants,H
Consumer Discretionary,Automotive Retail,Infrastructure holdings,Solid waste,M
Consumer Discretionary,Automotive Retail,Infrastructure holdings,Terrestrial ecosystem use,ND
Consumer Discretionary,Automotive Retail,Infrastructure holdings,Water pollutants,H
Consumer Discretionary,Automotive Retail,Infrastructure holdings,Water use,H
Consumer Discretionary,Automotive Retail,Infrastructure holdings,Biological interferences/alterations,ND
Consumer Discretionary,Broadcasting,Infrastructure holdings,Disturbances,ND
Consumer Discretionary,Broadcasting,Infrastructure holdings,Freshwater ecosystem use,ND
Consumer Discretionary,Broadcasting,Infrastructure holdings,GHG emissions,ND
Consumer Discretionary,Broadcasting,Infrastructure holdings,Marine ecosystem use,ND
Consumer Discretionary,Broadcasting,Infrastructure holdings,Non-GHG air pollutants,M
Consumer Discretionary,Broadcasting,Infrastructure holdings,Other resource use,ND
Consumer Discretionary,Broadcasting,Infrastructure holdings,Soil pollutants,H
Consumer Discretionary,Broadcasting,Infrastructure holdings,Solid waste,M
Consumer Discretionary,Broadcasting,Infrastructure holdings,Terrestrial ecosystem use,ND
Consumer Discretionary,Broadcasting,Infrastructure holdings,Water pollutants,H
Consumer Discretionary,Broadcasting,Infrastructure holdings,Water use,H
Consumer Discretionary,Broadcasting,Infrastructure holdings,Biological interferences/alterations,ND
Consumer Discretionary,Computer & Electronics Retail,Infrastructure holdings,Disturbances,ND
Consumer Discretionary,Computer & Electronics Retail,Infrastructure holdings,Freshwater ecosystem use,ND
Consumer Discretionary,Computer & Electronics Retail,Infrastructure holdings,GHG emissions,ND
Consumer Discretionary,Computer & Electronics Retail,Infrastructure holdings,Marine ecosystem use,ND
Consumer Discretionary,Computer & Electronics Retail,Infrastructure holdings,Non-GHG air pollutants,M
Consumer Discretionary,Computer & Electronics Retail,Infrastructure holdings,Other resource use,ND
Consumer Discretionary,Computer & Electronics Retail,Infrastructure holdings,Soil pollutants,H
Consumer Discretionary,Computer & Electronics Retail,Infrastructure holdings,Solid waste,M
Consumer Discretionary,Computer & Electronics Retail,Infrastructure holdings,Terrestrial ecosystem use,ND
Consumer Discretionary,Computer & Electronics Retail,Infrastructure holdings,Water pollutants,H
Consumer Discretionary,Computer & Electronics Retail,Infrastructure holdings,Water use,H
Consumer Discretionary,Computer & Electronics Retail,Infrastructure holdings,Biological interferences/alterations,ND
Consumer Discretionary,Department Stores,Infrastructure holdings,Disturbances,ND
Consumer Discretionary,Department Stores,Infrastructure holdings,Freshwater ecosystem use,ND
Consumer Discretionary,Department Stores,Infrastructure holdings,GHG emissions,ND
Consumer Discretionary,Department Stores,Infrastructure holdings,Marine ecosystem use,ND
Consumer Discretionary,Department Stores,Infrastructure holdings,Non-GHG air pollutants,M
Consumer Discretionary,Department Stores,Infrastructure holdings,Other resource use,ND
Consumer Discretionary,Department Stores,Infrastructure holdings,Soil pollutants,H
Consumer Discretionary,Department Stores,Infrastructure holdings,Solid waste,M
Consumer Discretionary,Department Stores,Infrastructure holdings,Terrestrial ecosystem use,ND
Consumer Discretionary,Department Stores,Infrastructure holdings,Water pollutants,H
Consumer Discretionary,Department Stores,Infrastructure holdings,Water use,H
Consumer Discretionary,Department Stores,Infrastructure holdings,Biological interferences/alterations,ND
Consumer Discretionary,Education Services,Infrastructure holdings,Disturbances,ND
Consumer Discretionary,Education Services,Infrastructure holdings,Freshwater ecosystem use,ND
Consumer Discretionary,Education Services,Infrastructure holdings,GHG emissions,ND
Consumer Discretionary,Education Services,Infrastructure holdings,Marine ecosystem use,ND
Consumer Discretionary,Education Services,Infrastructure holdings,Non-GHG air pollutants,M
Consumer Discretionary,Education Services,Infrastructure holdings,Other resource use,ND
Consumer Discretionary,Education Services,Infrastructure holdings,Soil pollutants,H
Consumer Discretionary,Education Services,Infrastructure holdings,Solid waste,M
Consumer Discretionary,Education Services,Infrastructure holdings,Terrestrial ecosystem use,ND
Consumer Discretionary,Education Services,Infrastructure holdings,Water pollutants,H
Consumer Discretionary,Education Services,Infrastructure holdings,Water use,H
Consumer Discretionary,Education Services,Infrastructure holdings,Biological interferences/alterations,ND
Consumer Discretionary,General Merchandise Stores,Infrastructure holdings,Disturbances,ND
Consumer Discretionary,General Merchandise Stores,Infrastructure holdings,Freshwater ecosystem use,ND
Consumer Discretionary,General Merchandise Stores,Infrastructure holdings,GHG emissions,ND
Consumer Discretionary,General Merchandise Stores,Infrastructure holdings,Marine ecosystem use,ND
Consumer Discretionary,General Merchandise Stores,Infrastructure holdings,Non-GHG air pollutants,M
Consumer Discretionary,General Merchandise Stores,Infrastructure holdings,Other resource use,ND
Consumer Discretionary,General Merchandise Stores,Infrastructure holdings,Soil pollutants,H
Consumer Discretionary,General Merchandise Stores,Infrastructure holdings,Solid waste,M
Consumer Discretionary,General Merchandise Stores,Infrastructure holdings,Terrestrial ecosystem use,ND
Consumer Discretionary,General Merchandise Stores,Infrastructure holdings,Water pollutants,H
Consumer Discretionary,General Merchandise Stores,Infrastructure holdings,Water use,H
Consumer Discretionary,General Merchandise Stores,Infrastructure holdings,Biological interferences/alterations,ND
Consumer Discretionary,Home Improvement Retail,Infrastructure holdings,Disturbances,ND
Consumer Discretionary,Home Improvement Retail,Infrastructure holdings,Freshwater ecosystem use,ND
Consumer Discretionary,Home Improvement Retail,Infrastructure holdings,GHG emissions,ND
Consumer Discretionary,Home Improvement Retail,Infrastructure holdings,Marine ecosystem use,ND
Consumer Discretionary,Home Improvement Retail,Infrastructure holdings,Non-GHG air pollutants,M
Consumer Discretionary,Home Improvement Retail,Infrastructure holdings,Other resource use,ND
Consumer Discretionary,Home Improvement Retail,Infrastructure holdings,Soil pollutants,H
Consumer Discretionary,Home Improvement Retail,Infrastructure holdings,Solid waste,M
Consumer Discretionary,Home Improvement Retail,Infrastructure holdings,Terrestrial ecosystem use,ND
Consumer Discretionary,Home Improvement Retail,Infrastructure holdings,Water pollutants,H
Consumer Discretionary,Home Improvement Retail,Infrastructure holdings,Water use,H
Consumer Discretionary,Home Improvement Retail,Infrastructure holdings,Biological interferences/alterations,ND
Consumer Discretionary,Homefurnishing Retail,Infrastructure holdings,Disturbances,ND
Consumer Discretionary,Homefurnishing Retail,Infrastructure holdings,Freshwater ecosystem use,ND
Consumer Discretionary,Homefurnishing Retail,Infrastructure holdings,GHG emissions,ND
Consumer Discretionary,Homefurnishing Retail,Infrastructure holdings,Marine ecosystem use,ND
Consumer Discretionary,Homefurnishing Retail,Infrastructure holdings,Non-GHG air pollutants,M
Consumer Discretionary,Homefurnishing Retail,Infrastructure holdings,Other resource use,ND
Consumer Discretionary,Homefurnishing Retail,Infrastructure holdings,Soil pollutants,H
Consumer Discretionary,Homefurnishing Retail,Infrastructure holdings,Solid waste,M
Consumer Discretionary,Homefurnishing Retail,Infrastructure holdings,Terrestrial ecosystem use,ND
Consumer Discretionary,Homefurnishing Retail,Infrastructure holdings,Water pollutants,H
Consumer Discretionary,Homefurnishing Retail,Infrastructure holdings,Water use,H
Consumer Discretionary,Homefurnishing Retail,Infrastructure holdings,Biological interferences/alterations,ND
Consumer Discretionary,Internet & Direct Marketing Retail,Infrastructure holdings,Disturbances,ND
Consumer Discretionary,Internet & Direct Marketing Retail,Infrastructure holdings,Freshwater ecosystem use,ND
Consumer Discretionary,Internet & Direct Marketing Retail,Infrastructure holdings,GHG emissions,ND
Consumer Discretionary,Internet & Direct Marketing Retail,Infrastructure holdings,Marine ecosystem use,ND
Consumer Discretionary,Internet & Direct Marketing Retail,Infrastructure holdings,Non-GHG air pollutants,M
Consumer Discretionary,Internet & Direct Marketing Retail,Infrastructure holdings,Other resource use,ND
Consumer Discretionary,Internet & Direct Marketing Retail,Infrastructure holdings,Soil pollutants,H
Consumer Discretionary,Internet & Direct Marketing Retail,Infrastructure holdings,Solid waste,M
Consumer Discretionary,Internet & Direct Marketing Retail,Infrastructure holdings,Terrestrial ecosystem use,ND
Consumer Discretionary,Internet & Direct Marketing Retail,Infrastructure holdings,Water pollutants,H
Consumer Discretionary,Internet & Direct Marketing Retail,Infrastructure holdings,Water use,H
Consumer Discretionary,Internet & Direct Marketing Retail,Infrastructure holdings,Biological interferences/alterations,ND
Consumer Discretionary,Movies & Entertainment,Infrastructure holdings,Disturbances,ND
Consumer Discretionary,Movies & Entertainment,Infrastructure holdings,Freshwater ecosystem use,ND
Consumer Discretionary,Movies & Entertainment,Infrastructure holdings,GHG emissions,ND
Consumer Discretionary,Movies & Entertainment,Infrastructure holdings,Marine ecosystem use,ND
Consumer Discretionary,Movies & Entertainment,Infrastructure holdings,Non-GHG air pollutants,M
Consumer Discretionary,Movies & Entertainment,Infrastructure holdings,Other resource use,ND
Consumer Discretionary,Movies & Entertainment,Infrastructure holdings,Soil pollutants,H
Consumer Discretionary,Movies & Entertainment,Infrastructure holdings,Solid waste,M
Consumer Discretionary,Movies & Entertainment,Infrastructure holdings,Terrestrial ecosystem use,ND
Consumer Discretionary,Movies & Entertainment,Infrastructure holdings,Water pollutants,H
Consumer Discretionary,Movies & Entertainment,Infrastructure holdings,Water use,H
Consumer Discretionary,Movies & Entertainment,Infrastructure holdings,Biological interferences/alterations,ND
Consumer Discretionary,Publishing,Infrastructure holdings,Disturbances,ND
Consumer Discretionary,Publishing,Infrastructure holdings,Freshwater ecosystem use,ND
Consumer Discretionary,Publishing,Infrastructure holdings,GHG emissions,ND
Consumer Discretionary,Publishing,Infrastructure holdings,Marine ecosystem use,ND
Consumer Discretionary,Publishing,Infrastructure holdings,Non-GHG air pollutants,M
Consumer Discretionary,Publishing,Infrastructure holdings,Other resource use,ND
Consumer Discretionary,Publishing,Infrastructure holdings,Soil pollutants,H
Consumer Discretionary,Publishing,Infrastructure holdings,Solid waste,M
Consumer Discretionary,Publishing,Infrastructure holdings,Terrestrial ecosystem use,ND
Consumer Discretionary,Publishing,Infrastructure holdings,Water pollutants,H
Consumer Discretionary,Publishing,Infrastructure holdings,Water use,H
Consumer Discretionary,Publishing,Infrastructure holdings,Biological interferences/alterations,ND
Consumer Discretionary,Specialty Stores,Infrastructure holdings,Disturbances,ND
Consumer Discretionary,Specialty Stores,Infrastructure holdings,Freshwater ecosystem use,ND
Consumer Discretionary,Specialty Stores,Infrastructure holdings,GHG emissions,ND
Consumer Discretionary,Specialty Stores,Infrastructure holdings,Marine ecosystem use,ND
Consumer Discretionary,Specialty Stores,Infrastructure holdings,Non-GHG air pollutants,M
Consumer Discretionary,Specialty Stores,Infrastructure holdings,Other resource use,ND
Consumer Discretionary,Specialty Stores,Infrastructure holdings,Soil pollutants,H
Consumer Discretionary,Specialty Stores,Infrastructure holdings,Solid waste,M
Consumer Discretionary,Specialty Stores,Infrastructure holdings,Terrestrial ecosystem use,ND
Consumer Discretionary,Specialty Stores,Infrastructure holdings,Water pollutants,H
Consumer Discretionary,Specialty Stores,Infrastructure holdings,Water use,H
Consumer Discretionary,Specialty Stores,Infrastructure holdings,Biological interferences/alterations,ND
Consumer Staples,Drug Retail,Infrastructure holdings,Disturbances,ND
Consumer Staples,Drug Retail,Infrastructure holdings,Freshwater ecosystem use,ND
Consumer Staples,Drug Retail,Infrastructure holdings,GHG emissions,ND
Consumer Staples,Drug Retail,Infrastructure holdings,Marine ecosystem use,ND
Consumer Staples,Drug Retail,Infrastructure holdings,Non-GHG air pollutants,M
Consumer Staples,Drug Retail,Infrastructure holdings,Other resource use,ND
Consumer Staples,Drug Retail,Infrastructure holdings,Soil pollutants,H
Consumer Staples,Drug Retail,Infrastructure holdings,Solid waste,M
Consumer Staples,Drug Retail,Infrastructure holdings,Terrestrial ecosystem use,ND
Consumer Staples,Drug Retail,Infrastructure holdings,Water pollutants,H
Consumer Staples,Drug Retail,Infrastructure holdings,Water use,H
Consumer Staples,Drug Retail,Infrastructure holdings,Biological interferences/alterations,ND
Consumer Staples,Food Retail,Infrastructure holdings,Disturbances,ND
Consumer Staples,Food Retail,Infrastructure holdings,Freshwater ecosystem use,ND
Consumer Staples,Food Retail,Infrastructure holdings,GHG emissions,ND
Consumer Staples,Food Retail,Infrastructure holdings,Marine ecosystem use,ND
Consumer Staples,Food Retail,Infrastructure holdings,Non-GHG air pollutants,M
Consumer Staples,Food Retail,Infrastructure holdings,Other resource use,ND
Consumer Staples,Food Retail,Infrastructure holdings,Soil pollutants,H
Consumer Staples,Food Retail,Infrastructure holdings,Solid waste,M
Consumer Staples,Food Retail,Infrastructure holdings,Terrestrial ecosystem use,ND
Consumer Staples,Food Retail,Infrastructure holdings,Water pollutants,H
Consumer Staples,Food Retail,Infrastructure holdings,Water use,H
Consumer Staples,Food Retail,Infrastructure holdings,Biological interferences/alterations,ND
Consumer Staples,Hypermarkets & Super Centers,Infrastructure holdings,Disturbances,ND
Consumer Staples,Hypermarkets & Super Centers,Infrastructure holdings,Freshwater ecosystem use,ND
Consumer Staples,Hypermarkets & Super Centers,Infrastructure holdings,GHG emissions,ND
Consumer Staples,Hypermarkets & Super Centers,Infrastructure holdings,Marine ecosystem use,ND
Consumer Staples,Hypermarkets & Super Centers,Infrastructure holdings,Non-GHG air pollutants,M
Consumer Staples,Hypermarkets & Super Centers,Infrastructure holdings,Other resource use,ND
Consumer Staples,Hypermarkets & Super Centers,Infrastructure holdings,Soil pollutants,H
Consumer Staples,Hypermarkets & Super Centers,Infrastructure holdings,Solid waste,M
Consumer Staples,Hypermarkets & Super Centers,Infrastructure holdings,Terrestrial ecosystem use,ND
Consumer Staples,Hypermarkets & Super Centers,Infrastructure holdings,Water pollutants,H
Consumer Staples,Hypermarkets & Super Centers,Infrastructure holdings,Water use,H
Consumer Staples,Hypermarkets & Super Centers,Infrastructure holdings,Biological interferences/alterations,ND
Health Care,Health Care Services,Infrastructure holdings,Disturbances,ND
Health Care,Health Care Services,Infrastructure holdings,Freshwater ecosystem use,ND
Health Care,Health Care Services,Infrastructure holdings,GHG emissions,ND
Health Care,Health Care Services,Infrastructure holdings,Marine ecosystem use,ND
Health Care,Health Care Services,Infrastructure holdings,Non-GHG air pollutants,M
Health Care,Health Care Services,Infrastructure holdings,Other resource use,ND
Health Care,Health Care Services,Infrastructure holdings,Soil pollutants,H
Health Care,Health Care Services,Infrastructure holdings,Solid waste,M
Health Care,Health Care Services,Infrastructure holdings,Terrestrial ecosystem use,ND
Health Care,Health Care Services,Infrastructure holdings,Water pollutants,H
Health Care,Health Care Services,Infrastructure holdings,Water use,H
Health Care,Health Care Services,Infrastructure holdings,Biological interferences/alterations,ND
Health Care,Health Care Technology,Infrastructure holdings,Disturbances,ND
Health Care,Health Care Technology,Infrastructure holdings,Freshwater ecosystem use,ND
Health Care,Health Care Technology,Infrastructure holdings,GHG emissions,ND
Health Care,Health Care Technology,Infrastructure holdings,Marine ecosystem use,ND
Health Care,Health Care Technology,Infrastructure holdings,Non-GHG air pollutants,M
Health Care,Health Care Technology,Infrastructure holdings,Other resource use,ND
Health Care,Health Care Technology,Infrastructure holdings,Soil pollutants,H
Health Care,Health Care Technology,Infrastructure holdings,Solid waste,M
Health Care,Health Care Technology,Infrastructure holdings,Terrestrial ecosystem use,ND
Health Care,Health Care Technology,Infrastructure holdings,Water pollutants,H
Health Care,Health Care Technology,Infrastructure holdings,Water use,H
Health Care,Health Care Technology,Infrastructure holdings,Biological interferences/alterations,ND
Industrials,Diversified Support Services,Infrastructure holdings,Disturbances,ND
Industrials,Diversified Support Services,Infrastructure holdings,Freshwater ecosystem use,ND
Industrials,Diversified Support Services,Infrastructure holdings,GHG emissions,ND
Industrials,Diversified Support Services,Infrastructure holdings,Marine ecosystem use,ND
Industrials,Diversified Support Services,Infrastructure holdings,Non-GHG air pollutants,M
Industrials,Diversified Support Services,Infrastructure holdings,Other resource use,ND
Industrials,Diversified Support Services,Infrastructure holdings,Soil pollutants,H
Industrials,Diversified Support Services,Infrastructure holdings,Solid waste,M
Industrials,Diversified Support Services,Infrastructure holdings,Terrestrial ecosystem use,ND
Industrials,Diversified Support Services,Infrastructure holdings,Water pollutants,H
Industrials,Diversified Support Services,Infrastructure holdings,Water use,H
Industrials,Diversified Support Services,Infrastructure holdings,Biological interferences/alterations,ND
Industrials,Human Resource & Employment Services,Infrastructure holdings,Disturbances,ND
Industrials,Human Resource & Employment Services,Infrastructure holdings,Freshwater ecosystem use,ND
Industrials,Human Resource & Employment Services,Infrastructure holdings,GHG emissions,ND
Industrials,Human Resource & Employment Services,Infrastructure holdings,Marine ecosystem use,ND
Industrials,Human Resource & Employment Services,Infrastructure holdings,Non-GHG air pollutants,M
Industrials,Human Resource & Employment Services,Infrastructure holdings,Other resource use,ND
Industrials,Human Resource & Employment Services,Infrastructure holdings,Soil pollutants,H
Industrials,Human Resource & Employment Services,Infrastructure holdings,Solid waste,M
Industrials,Human Resource & Employment Services,Infrastructure holdings,Terrestrial ecosystem use,ND
Industrials,Human Resource & Employment Services,Infrastructure holdings,Water pollutants,H
Industrials,Human Resource & Employment Services,Infrastructure holdings,Water use,H
Industrials,Human Resource & Employment Services,Infrastructure holdings,Biological interferences/alterations,ND
Industrials,Research & Consulting Services,Infrastructure holdings,Disturbances,ND
Industrials,Research & Consulting Services,Infrastructure holdings,Freshwater ecosystem use,ND
Industrials,Research & Consulting Services,Infrastructure holdings,GHG emissions,ND
Industrials,Research & Consulting Services,Infrastructure holdings,Marine ecosystem use,ND
Industrials,Research & Consulting Services,Infrastructure holdings,Non-GHG air pollutants,M
Industrials,Research & Consulting Services,Infrastructure holdings,Other resource use,ND
Industrials,Research & Consulting Services,Infrastructure holdings,Soil pollutants,H
Industrials,Research & Consulting Services,Infrastructure holdings,Solid waste,M
Industrials,Research & Consulting Services,Infrastructure holdings,Terrestrial ecosystem use,ND
Industrials,Research & Consulting Services,Infrastructure holdings,Water pollutants,H
Industrials,Research & Consulting Services,Infrastructure holdings,Water use,H
Industrials,Research & Consulting Services,Infrastructure holdings,Biological interferences/alterations,ND
Industrials,Security & Alarm Services,Infrastructure holdings,Disturbances,ND
Industrials,Security & Alarm Services,Infrastructure holdings,Freshwater ecosystem use,ND
Industrials,Security & Alarm Services,Infrastructure holdings,GHG emissions,ND
Industrials,Security & Alarm Services,Infrastructure holdings,Marine ecosystem use,ND
Industrials,Security & Alarm Services,Infrastructure holdings,Non-GHG air pollutants,M
Industrials,Security & Alarm Services,Infrastructure holdings,Other resource use,ND
Industrials,Security & Alarm Services,Infrastructure holdings,Soil pollutants,H
Industrials,Security & Alarm Services,Infrastructure holdings,Solid waste,M
Industrials,Security & Alarm Services,Infrastructure holdings,Terrestrial ecosystem use,ND
Industrials,Security & Alarm Services,Infrastructure holdings,Water pollutants,H
Industrials,Security & Alarm Services,Infrastructure holdings,Water use,H
Industrials,Security & Alarm Services,Infrastructure holdings,Biological interferences/alterations,ND
Information Technology,IT Consulting & Other Services,Infrastructure holdings,Disturbances,ND
Information Technology,IT Consulting & Other Services,Infrastructure holdings,Freshwater ecosystem use,ND
Information Technology,IT Consulting & Other Services,Infrastructure holdings,GHG emissions,ND
Information Technology,IT Consulting & Other Services,Infrastructure holdings,Marine ecosystem use,ND
Information Technology,IT Consulting & Other Services,Infrastructure holdings,Non-GHG air pollutants,M
Information Technology,IT Consulting & Other Services,Infrastructure holdings,Other resource use,ND
Information Technology,IT Consulting & Other Services,Infrastructure holdings,Soil pollutants,H
Information Technology,IT Consulting & Other Services,Infrastructure holdings,Solid waste,M
Information Technology,IT Consulting & Other Services,Infrastructure holdings,Terrestrial ecosystem use,ND
Information Technology,IT Consulting & Other Services,Infrastructure holdings,Water pollutants,H
Information Technology,IT Consulting & Other Services,Infrastructure holdings,Water use,H
Information Technology,IT Consulting & Other Services,Infrastructure holdings,Biological interferences/alterations,ND
Information Technology,Office Services & Supplies,Infrastructure holdings,Disturbances,ND
Information Technology,Office Services & Supplies,Infrastructure holdings,Freshwater ecosystem use,ND
Information Technology,Office Services & Supplies,Infrastructure holdings,GHG emissions,ND
Information Technology,Office Services & Supplies,Infrastructure holdings,Marine ecosystem use,ND
Information Technology,Office Services & Supplies,Infrastructure holdings,Non-GHG air pollutants,M
Information Technology,Office Services & Supplies,Infrastructure holdings,Other resource use,ND
Information Technology,Office Services & Supplies,Infrastructure holdings,Soil pollutants,H
Information Technology,Office Services & Supplies,Infrastructure holdings,Solid waste,M
Information Technology,Office Services & Supplies,Infrastructure holdings,Terrestrial ecosystem use,ND
Information Technology,Office Services & Supplies,Infrastructure holdings,Water pollutants,H
Information Technology,Office Services & Supplies,Infrastructure holdings,Water use,H
Information Technology,Office Services & Supplies,Infrastructure holdings,Biological interferences/alterations,ND
Utilities,Electric Utilities,Infrastructure holdings,Disturbances,ND
Utilities,Electric Utilities,Infrastructure holdings,Freshwater ecosystem use,ND
Utilities,Electric Utilities,Infrastructure holdings,GHG emissions,ND
Utilities,Electric Utilities,Infrastructure holdings,Marine ecosystem use,ND
Utilities,Electric Utilities,Infrastructure holdings,Non-GHG air pollutants,M
Utilities,Electric Utilities,Infrastructure holdings,Other resource use,ND
Utilities,Electric Utilities,Infrastructure holdings,Soil pollutants,H
Utilities,Electric Utilities,Infrastructure holdings,Solid waste,M
Utilities,Electric Utilities,Infrastructure holdings,Terrestrial ecosystem use,ND
Utilities,Electric Utilities,Infrastructure holdings,Water pollutants,H
Utilities,Electric Utilities,Infrastructure holdings,Water use,H
Utilities,Electric Utilities,Infrastructure holdings,Biological interferences/alterations,ND
Utilities,Independent Power Producers & Energy Traders,Infrastructure holdings,Disturbances,ND
Utilities,Independent Power Producers & Energy Traders,Infrastructure holdings,Freshwater ecosystem use,ND
Utilities,Independent Power Producers & Energy Traders,Infrastructure holdings,GHG emissions,ND
Utilities,Independent Power Producers & Energy Traders,Infrastructure holdings,Marine ecosystem use,ND
Utilities,Independent Power Producers & Energy Traders,Infrastructure holdings,Non-GHG air pollutants,M
Utilities,Independent Power Producers & Energy Traders,Infrastructure holdings,Other resource use,ND
Utilities,Independent Power Producers & Energy Traders,Infrastructure holdings,Soil pollutants,H
Utilities,Independent Power Producers & Energy Traders,Infrastructure holdings,Solid waste,M
Utilities,Independent Power Producers & Energy Traders,Infrastructure holdings,Terrestrial ecosystem use,ND
Utilities,Independent Power Producers & Energy Traders,Infrastructure holdings,Water pollutants,H
Utilities,Independent Power Producers & Energy Traders,Infrastructure holdings,Water use,H
Utilities,Independent Power Producers & Energy Traders,Infrastructure holdings,Biological interferences/alterations,ND
Industrials,Construction & Engineering,Infrastructure maintenance contracts,Disturbances,ND
Industrials,Construction & Engineering,Infrastructure maintenance contracts,Freshwater ecosystem use,ND
Industrials,Construction & Engineering,Infrastructure maintenance contracts,GHG emissions,VH
Industrials,Construction & Engineering,Infrastructure maintenance contracts,Marine ecosystem use,ND
Industrials,Construction & Engineering,Infrastructure maintenance contracts,Non-GHG air pollutants,L
Industrials,Construction & Engineering,Infrastructure maintenance contracts,Other resource use,ND
Industrials,Construction & Engineering,Infrastructure maintenance contracts,Soil pollutants,M
Industrials,Construction & Engineering,Infrastructure maintenance contracts,Solid waste,ND
Industrials,Construction & Engineering,Infrastructure maintenance contracts,Terrestrial ecosystem use,M
Industrials,Construction & Engineering,Infrastructure maintenance contracts,Water pollutants,M
Industrials,Construction & Engineering,Infrastructure maintenance contracts,Water use,H
Industrials,Construction & Engineering,Infrastructure maintenance contracts,Biological interferences/alterations,ND
Energy,Integrated Oil & Gas,Integrated oil and gas,Disturbances,H
Energy,Integrated Oil & Gas,Integrated oil and gas,Freshwater ecosystem use,VH
Energy,Integrated Oil & Gas,Integrated oil and gas,GHG emissions,VH
Energy,Integrated Oil & Gas,Integrated oil and gas,Marine ecosystem use,VH
Energy,Integrated Oil & Gas,Integrated oil and gas,Non-GHG air pollutants,VH
Energy,Integrated Oil & Gas,Integrated oil and gas,Other resource use,ND
Energy,Integrated Oil & Gas,Integrated oil and gas,Soil pollutants,H
Energy,Integrated Oil & Gas,Integrated oil and gas,Solid waste,H
Energy,Integrated Oil & Gas,Integrated oil and gas,Terrestrial ecosystem use,VH
Energy,Integrated Oil & Gas,Integrated oil and gas,Water pollutants,H
Energy,Integrated Oil & Gas,Integrated oil and gas,Water use,VH
Energy,Integrated Oil & Gas,Integrated oil and gas,Biological interferences/alterations,ND
Materials,Steel,Iron extraction,Disturbances,H
Materials,Steel,Iron extraction,Freshwater ecosystem use,ND
Materials,Steel,Iron extraction,GHG emissions,VH
Materials,Steel,Iron extraction,Marine ecosystem use,ND
Materials,Steel,Iron extraction,Non-GHG air pollutants,H
Materials,Steel,Iron extraction,Other resource use,ND
Materials,Steel,Iron extraction,Soil pollutants,ND
Materials,Steel,Iron extraction,Solid waste,ND
Materials,Steel,Iron extraction,Terrestrial ecosystem use,VH
Materials,Steel,Iron extraction,Water pollutants,ND
Materials,Steel,Iron extraction,Water use,VH
Materials,Steel,Iron extraction,Biological interferences/alterations,ND
Materials,Steel,Iron metal production,Disturbances,H
Materials,Steel,Iron metal production,Freshwater ecosystem use,ND
Materials,Steel,Iron metal production,GHG emissions,VH
Materials,Steel,Iron metal production,Marine ecosystem use,ND
Materials,Steel,Iron metal production,Non-GHG air pollutants,H
Materials,Steel,Iron metal production,Other resource use,ND
Materials,Steel,Iron metal production,Soil pollutants,ND
Materials,Steel,Iron metal production,Solid waste,H
Materials,Steel,Iron metal production,Terrestrial ecosystem use,ND
Materials,Steel,Iron metal production,Water pollutants,M
Materials,Steel,Iron metal production,Water use,VH
Materials,Steel,Iron metal production,Biological interferences/alterations,ND
Consumer Discretionary,"Apparel, Accessories & Luxury Goods",Jewellery production,Disturbances,ND
Consumer Discretionary,"Apparel, Accessories & Luxury Goods",Jewellery production,Freshwater ecosystem use,ND
Consumer Discretionary,"Apparel, Accessories & Luxury Goods",Jewellery production,GHG emissions,ND
Consumer Discretionary,"Apparel, Accessories & Luxury Goods",Jewellery production,Marine ecosystem use,ND
Consumer Discretionary,"Apparel, Accessories & Luxury Goods",Jewellery production,Non-GHG air pollutants,H
Consumer Discretionary,"Apparel, Accessories & Luxury Goods",Jewellery production,Other resource use,ND
Consumer Discretionary,"Apparel, Accessories & Luxury Goods",Jewellery production,Soil pollutants,M
Consumer Discretionary,"Apparel, Accessories & Luxury Goods",Jewellery production,Solid waste,M
Consumer Discretionary,"Apparel, Accessories & Luxury Goods",Jewellery production,Terrestrial ecosystem use,ND
Consumer Discretionary,"Apparel, Accessories & Luxury Goods",Jewellery production,Water pollutants,M
Consumer Discretionary,"Apparel, Accessories & Luxury Goods",Jewellery production,Water use,ND
Consumer Discretionary,"Apparel, Accessories & Luxury Goods",Jewellery production,Biological interferences/alterations,ND
Materials,Forest Products,Large-scale forestry,Disturbances,ND
Materials,Forest Products,Large-scale forestry,Freshwater ecosystem use,ND
Materials,Forest Products,Large-scale forestry,GHG emissions,VH
Materials,Forest Products,Large-scale forestry,Marine ecosystem use,ND
Materials,Forest Products,Large-scale forestry,Non-GHG air pollutants,ND
Materials,Forest Products,Large-scale forestry,Other resource use,ND
Materials,Forest Products,Large-scale forestry,Soil pollutants,ND
Materials,Forest Products,Large-scale forestry,Solid waste,ND
Materials,Forest Products,Large-scale forestry,Terrestrial ecosystem use,VH
Materials,Forest Products,Large-scale forestry,Water pollutants,H
Materials,Forest Products,Large-scale forestry,Water use,ND
Materials,Forest Products,Large-scale forestry,Biological interferences/alterations,ND
Consumer Staples,Agricultural Products,Large-scale irrigated arable crops,Disturbances,ND
Consumer Staples,Agricultural Products,Large-scale irrigated arable crops,Freshwater ecosystem use,VH
Consumer Staples,Agricultural Products,Large-scale irrigated arable crops,GHG emissions,ND
Consumer Staples,Agricultural Products,Large-scale irrigated arable crops,Marine ecosystem use,ND
Consumer Staples,Agricultural Products,Large-scale irrigated arable crops,Non-GHG air pollutants,ND
Consumer Staples,Agricultural Products,Large-scale irrigated arable crops,Other resource use,ND
Consumer Staples,Agricultural Products,Large-scale irrigated arable crops,Soil pollutants,H
Consumer Staples,Agricultural Products,Large-scale irrigated arable crops,Solid waste,ND
Consumer Staples,Agricultural Products,Large-scale irrigated arable crops,Terrestrial ecosystem use,VH
Consumer Staples,Agricultural Products,Large-scale irrigated arable crops,Water pollutants,H
Consumer Staples,Agricultural Products,Large-scale irrigated arable crops,Water use,VH
Consumer Staples,Agricultural Products,Large-scale irrigated arable crops,Biological interferences/alterations,ND
Consumer Staples,Agricultural Products,Large-scale livestock (beef and dairy),Disturbances,ND
Consumer Staples,Agricultural Products,Large-scale livestock (beef and dairy),Freshwater ecosystem use,ND
Consumer Staples,Agricultural Products,Large-scale livestock (beef and dairy),GHG emissions,VH
Consumer Staples,Agricultural Products,Large-scale livestock (beef and dairy),Marine ecosystem use,ND
Consumer Staples,Agricultural Products,Large-scale livestock (beef and dairy),Non-GHG air pollutants,ND
Consumer Staples,Agricultural Products,Large-scale livestock (beef and dairy),Other resource use,ND
Consumer Staples,Agricultural Products,Large-scale livestock (beef and dairy),Soil pollutants,M
Consumer Staples,Agricultural Products,Large-scale livestock (beef and dairy),Solid waste,ND
Consumer Staples,Agricultural Products,Large-scale livestock (beef and dairy),Terrestrial ecosystem use,VH
Consumer Staples,Agricultural Products,Large-scale livestock (beef and dairy),Water pollutants,H
Consumer Staples,Agricultural Products,Large-scale livestock (beef and dairy),Water use,VH
Consumer Staples,Agricultural Products,Large-scale livestock (beef and dairy),Biological interferences/alterations,M
Consumer Staples,Agricultural Products,Large-scale rainfed arable crops,Disturbances,ND
Consumer Staples,Agricultural Products,Large-scale rainfed arable crops,Freshwater ecosystem use,ND
Consumer Staples,Agricultural Products,Large-scale rainfed arable crops,GHG emissions,ND
Consumer Staples,Agricultural Products,Large-scale rainfed arable crops,Marine ecosystem use,ND
Consumer Staples,Agricultural Products,Large-scale rainfed arable crops,Non-GHG air pollutants,ND
Consumer Staples,Agricultural Products,Large-scale rainfed arable crops,Other resource use,ND
Consumer Staples,Agricultural Products,Large-scale rainfed arable crops,Soil pollutants,H
Consumer Staples,Agricultural Products,Large-scale rainfed arable crops,Solid waste,ND
Consumer Staples,Agricultural Products,Large-scale rainfed arable crops,Terrestrial ecosystem use,VH
Consumer Staples,Agricultural Products,Large-scale rainfed arable crops,Water pollutants,H
Consumer Staples,Agricultural Products,Large-scale rainfed arable crops,Water use,ND
Consumer Staples,Agricultural Products,Large-scale rainfed arable crops,Biological interferences/alterations,L
Consumer Discretionary,Casinos & Gaming,Leisure facility provision,Disturbances,ND
Consumer Discretionary,Casinos & Gaming,Leisure facility provision,Freshwater ecosystem use,ND
Consumer Discretionary,Casinos & Gaming,Leisure facility provision,GHG emissions,ND
Consumer Discretionary,Casinos & Gaming,Leisure facility provision,Marine ecosystem use,ND
Consumer Discretionary,Casinos & Gaming,Leisure facility provision,Non-GHG air pollutants,ND
Consumer Discretionary,Casinos & Gaming,Leisure facility provision,Other resource use,ND
Consumer Discretionary,Casinos & Gaming,Leisure facility provision,Soil pollutants,ND
Consumer Discretionary,Casinos & Gaming,Leisure facility provision,Solid waste,M
Consumer Discretionary,Casinos & Gaming,Leisure facility provision,Terrestrial ecosystem use,ND
Consumer Discretionary,Casinos & Gaming,Leisure facility provision,Water pollutants,ND
Consumer Discretionary,Casinos & Gaming,Leisure facility provision,Water use,ND
Consumer Discretionary,Casinos & Gaming,Leisure facility provision,Biological interferences/alterations,ND
Health Care,Biotechnology,"Life science, pharma and biotech manufacture",Disturbances,ND
Health Care,Biotechnology,"Life science, pharma and biotech manufacture",Freshwater ecosystem use,ND
Health Care,Biotechnology,"Life science, pharma and biotech manufacture",GHG emissions,ND
Health Care,Biotechnology,"Life science, pharma and biotech manufacture",Marine ecosystem use,ND
Health Care,Biotechnology,"Life science, pharma and biotech manufacture",Non-GHG air pollutants,M
Health Care,Biotechnology,"Life science, pharma and biotech manufacture",Other resource use,ND
Health Care,Biotechnology,"Life science, pharma and biotech manufacture",Soil pollutants,H
Health Care,Biotechnology,"Life science, pharma and biotech manufacture",Solid waste,H
Health Care,Biotechnology,"Life science, pharma and biotech manufacture",Terrestrial ecosystem use,ND
Health Care,Biotechnology,"Life science, pharma and biotech manufacture",Water pollutants,H
Health Care,Biotechnology,"Life science, pharma and biotech manufacture",Water use,H
Health Care,Biotechnology,"Life science, pharma and biotech manufacture",Biological interferences/alterations,M
Health Care,Life Sciences Tools & Services,"Life science, pharma and biotech manufacture",Disturbances,ND
Health Care,Life Sciences Tools & Services,"Life science, pharma and biotech manufacture",Freshwater ecosystem use,ND
Health Care,Life Sciences Tools & Services,"Life science, pharma and biotech manufacture",GHG emissions,ND
Health Care,Life Sciences Tools & Services,"Life science, pharma and biotech manufacture",Marine ecosystem use,ND
Health Care,Life Sciences Tools & Services,"Life science, pharma and biotech manufacture",Non-GHG air pollutants,M
Health Care,Life Sciences Tools & Services,"Life science, pharma and biotech manufacture",Other resource use,ND
Health Care,Life Sciences Tools & Services,"Life science, pharma and biotech manufacture",Soil pollutants,H
Health Care,Life Sciences Tools & Services,"Life science, pharma and biotech manufacture",Solid waste,H
Health Care,Life Sciences Tools & Services,"Life science, pharma and biotech manufacture",Terrestrial ecosystem use,ND
Health Care,Life Sciences Tools & Services,"Life science, pharma and biotech manufacture",Water pollutants,H
Health Care,Life Sciences Tools & Services,"Life science, pharma and biotech manufacture",Water use,H
Health Care,Life Sciences Tools & Services,"Life science, pharma and biotech manufacture",Biological interferences/alterations,M
Health Care,Pharmaceuticals,"Life science, pharma and biotech manufacture",Disturbances,ND
Health Care,Pharmaceuticals,"Life science, pharma and biotech manufacture",Freshwater ecosystem use,ND
Health Care,Pharmaceuticals,"Life science, pharma and biotech manufacture",GHG emissions,ND
Health Care,Pharmaceuticals,"Life science, pharma and biotech manufacture",Marine ecosystem use,ND
Health Care,Pharmaceuticals,"Life science, pharma and biotech manufacture",Non-GHG air pollutants,M
Health Care,Pharmaceuticals,"Life science, pharma and biotech manufacture",Other resource use,ND
Health Care,Pharmaceuticals,"Life science, pharma and biotech manufacture",Soil pollutants,H
Health Care,Pharmaceuticals,"Life science, pharma and biotech manufacture",Solid waste,H
Health Care,Pharmaceuticals,"Life science, pharma and biotech manufacture",Terrestrial ecosystem use,ND
Health Care,Pharmaceuticals,"Life science, pharma and biotech manufacture",Water pollutants,H
Health Care,Pharmaceuticals,"Life science, pharma and biotech manufacture",Water use,H
Health Care,Pharmaceuticals,"Life science, pharma and biotech manufacture",Biological interferences/alterations,M
Health Care,Biotechnology,"Life science, pharma and biotech tools and services",Disturbances,ND
Health Care,Biotechnology,"Life science, pharma and biotech tools and services",Freshwater ecosystem use,ND
Health Care,Biotechnology,"Life science, pharma and biotech tools and services",GHG emissions,ND
Health Care,Biotechnology,"Life science, pharma and biotech tools and services",Marine ecosystem use,ND
Health Care,Biotechnology,"Life science, pharma and biotech tools and services",Non-GHG air pollutants,ND
Health Care,Biotechnology,"Life science, pharma and biotech tools and services",Other resource use,ND
Health Care,Biotechnology,"Life science, pharma and biotech tools and services",Soil pollutants,ND
Health Care,Biotechnology,"Life science, pharma and biotech tools and services",Solid waste,M
Health Care,Biotechnology,"Life science, pharma and biotech tools and services",Terrestrial ecosystem use,ND
Health Care,Biotechnology,"Life science, pharma and biotech tools and services",Water pollutants,ND
Health Care,Biotechnology,"Life science, pharma and biotech tools and services",Water use,ND
Health Care,Biotechnology,"Life science, pharma and biotech tools and services",Biological interferences/alterations,ND
Health Care,Life Sciences Tools & Services,"Life science, pharma and biotech tools and services",Disturbances,ND
Health Care,Life Sciences Tools & Services,"Life science, pharma and biotech tools and services",Freshwater ecosystem use,ND
Health Care,Life Sciences Tools & Services,"Life science, pharma and biotech tools and services",GHG emissions,ND
Health Care,Life Sciences Tools & Services,"Life science, pharma and biotech tools and services",Marine ecosystem use,ND
Health Care,Life Sciences Tools & Services,"Life science, pharma and biotech tools and services",Non-GHG air pollutants,ND
Health Care,Life Sciences Tools & Services,"Life science, pharma and biotech tools and services",Other resource use,ND
Health Care,Life Sciences Tools & Services,"Life science, pharma and biotech tools and services",Soil pollutants,ND
Health Care,Life Sciences Tools & Services,"Life science, pharma and biotech tools and services",Solid waste,M
Health Care,Life Sciences Tools & Services,"Life science, pharma and biotech tools and services",Terrestrial ecosystem use,ND
Health Care,Life Sciences Tools & Services,"Life science, pharma and biotech tools and services",Water pollutants,ND
Health Care,Life Sciences Tools & Services,"Life science, pharma and biotech tools and services",Water use,ND
Health Care,Life Sciences Tools & Services,"Life science, pharma and biotech tools and services",Biological interferences/alterations,ND
Health Care,Pharmaceuticals,"Life science, pharma and biotech tools and services",Disturbances,ND
Health Care,Pharmaceuticals,"Life science, pharma and biotech tools and services",Freshwater ecosystem use,ND
Health Care,Pharmaceuticals,"Life science, pharma and biotech tools and services",GHG emissions,ND
Health Care,Pharmaceuticals,"Life science, pharma and biotech tools and services",Marine ecosystem use,ND
Health Care,Pharmaceuticals,"Life science, pharma and biotech tools and services",Non-GHG air pollutants,ND
Health Care,Pharmaceuticals,"Life science, pharma and biotech tools and services",Other resource use,ND
Health Care,Pharmaceuticals,"Life science, pharma and biotech tools and services",Soil pollutants,ND
Health Care,Pharmaceuticals,"Life science, pharma and biotech tools and services",Solid waste,M
Health Care,Pharmaceuticals,"Life science, pharma and biotech tools and services",Terrestrial ecosystem use,ND
Health Care,Pharmaceuticals,"Life science, pharma and biotech tools and services",Water pollutants,ND
Health Care,Pharmaceuticals,"Life science, pharma and biotech tools and services",Water use,ND
Health Care,Pharmaceuticals,"Life science, pharma and biotech tools and services",Biological interferences/alterations,ND
Health Care,Managed Health Care,Managed health care,Disturbances,ND
Health Care,Managed Health Care,Managed health care,Freshwater ecosystem use,ND
Health Care,Managed Health Care,Managed health care,GHG emissions,VH
Health Care,Managed Health Care,Managed health care,Marine ecosystem use,ND
Health Care,Managed Health Care,Managed health care,Non-GHG air pollutants,ND
Health Care,Managed Health Care,Managed health care,Other resource use,ND
Health Care,Managed Health Care,Managed health care,Soil pollutants,M
Health Care,Managed Health Care,Managed health care,Solid waste,ND
Health Care,Managed Health Care,Managed health care,Terrestrial ecosystem use,ND
Health Care,Managed Health Care,Managed health care,Water pollutants,M
Health Care,Managed Health Care,Managed health care,Water use,ND
Health Care,Managed Health Care,Managed health care,Biological interferences/alterations,ND
Consumer Discretionary,Auto Parts & Equipment,"Manufacture of machinery, parts and equipment",Disturbances,M
Consumer Discretionary,Auto Parts & Equipment,"Manufacture of machinery, parts and equipment",Freshwater ecosystem use,ND
Consumer Discretionary,Auto Parts & Equipment,"Manufacture of machinery, parts and equipment",GHG emissions,VH
Consumer Discretionary,Auto Parts & Equipment,"Manufacture of machinery, parts and equipment",Marine ecosystem use,ND
Consumer Discretionary,Auto Parts & Equipment,"Manufacture of machinery, parts and equipment",Non-GHG air pollutants,M
Consumer Discretionary,Auto Parts & Equipment,"Manufacture of machinery, parts and equipment",Other resource use,ND
Consumer Discretionary,Auto Parts & Equipment,"Manufacture of machinery, parts and equipment",Soil pollutants,H
Consumer Discretionary,Auto Parts & Equipment,"Manufacture of machinery, parts and equipment",Solid waste,H
Consumer Discretionary,Auto Parts & Equipment,"Manufacture of machinery, parts and equipment",Terrestrial ecosystem use,ND
Consumer Discretionary,Auto Parts & Equipment,"Manufacture of machinery, parts and equipment",Water pollutants,H
Consumer Discretionary,Auto Parts & Equipment,"Manufacture of machinery, parts and equipment",Water use,H
Consumer Discretionary,Auto Parts & Equipment,"Manufacture of machinery, parts and equipment",Biological interferences/alterations,ND
Consumer Discretionary,Automobile Manufacturers,"Manufacture of machinery, parts and equipment",Disturbances,M
Consumer Discretionary,Automobile Manufacturers,"Manufacture of machinery, parts and equipment",Freshwater ecosystem use,ND
Consumer Discretionary,Automobile Manufacturers,"Manufacture of machinery, parts and equipment",GHG emissions,VH
Consumer Discretionary,Automobile Manufacturers,"Manufacture of machinery, parts and equipment",Marine ecosystem use,ND
Consumer Discretionary,Automobile Manufacturers,"Manufacture of machinery, parts and equipment",Non-GHG air pollutants,M
Consumer Discretionary,Automobile Manufacturers,"Manufacture of machinery, parts and equipment",Other resource use,ND
Consumer Discretionary,Automobile Manufacturers,"Manufacture of machinery, parts and equipment",Soil pollutants,H
Consumer Discretionary,Automobile Manufacturers,"Manufacture of machinery, parts and equipment",Solid waste,H
Consumer Discretionary,Automobile Manufacturers,"Manufacture of machinery, parts and equipment",Terrestrial ecosystem use,ND
Consumer Discretionary,Automobile Manufacturers,"Manufacture of machinery, parts and equipment",Water pollutants,H
Consumer Discretionary,Automobile Manufacturers,"Manufacture of machinery, parts and equipment",Water use,H
Consumer Discretionary,Automobile Manufacturers,"Manufacture of machinery, parts and equipment",Biological interferences/alterations,ND
Consumer Discretionary,Home Furnishings,"Manufacture of machinery, parts and equipment",Disturbances,M
Consumer Discretionary,Home Furnishings,"Manufacture of machinery, parts and equipment",Freshwater ecosystem use,ND
Consumer Discretionary,Home Furnishings,"Manufacture of machinery, parts and equipment",GHG emissions,VH
Consumer Discretionary,Home Furnishings,"Manufacture of machinery, parts and equipment",Marine ecosystem use,ND
Consumer Discretionary,Home Furnishings,"Manufacture of machinery, parts and equipment",Non-GHG air pollutants,M
Consumer Discretionary,Home Furnishings,"Manufacture of machinery, parts and equipment",Other resource use,ND
Consumer Discretionary,Home Furnishings,"Manufacture of machinery, parts and equipment",Soil pollutants,H
Consumer Discretionary,Home Furnishings,"Manufacture of machinery, parts and equipment",Solid waste,H
Consumer Discretionary,Home Furnishings,"Manufacture of machinery, parts and equipment",Terrestrial ecosystem use,ND
Consumer Discretionary,Home Furnishings,"Manufacture of machinery, parts and equipment",Water pollutants,H
Consumer Discretionary,Home Furnishings,"Manufacture of machinery, parts and equipment",Water use,H
Consumer Discretionary,Home Furnishings,"Manufacture of machinery, parts and equipment",Biological interferences/alterations,ND
Consumer Discretionary,Household Appliances,"Manufacture of machinery, parts and equipment",Disturbances,M
Consumer Discretionary,Household Appliances,"Manufacture of machinery, parts and equipment",Freshwater ecosystem use,ND
Consumer Discretionary,Household Appliances,"Manufacture of machinery, parts and equipment",GHG emissions,VH
Consumer Discretionary,Household Appliances,"Manufacture of machinery, parts and equipment",Marine ecosystem use,ND
Consumer Discretionary,Household Appliances,"Manufacture of machinery, parts and equipment",Non-GHG air pollutants,M
Consumer Discretionary,Household Appliances,"Manufacture of machinery, parts and equipment",Other resource use,ND
Consumer Discretionary,Household Appliances,"Manufacture of machinery, parts and equipment",Soil pollutants,H
Consumer Discretionary,Household Appliances,"Manufacture of machinery, parts and equipment",Solid waste,H
Consumer Discretionary,Household Appliances,"Manufacture of machinery, parts and equipment",Terrestrial ecosystem use,ND
Consumer Discretionary,Household Appliances,"Manufacture of machinery, parts and equipment",Water pollutants,H
Consumer Discretionary,Household Appliances,"Manufacture of machinery, parts and equipment",Water use,H
Consumer Discretionary,Household Appliances,"Manufacture of machinery, parts and equipment",Biological interferences/alterations,ND
Consumer Discretionary,Motorcycle Manufacturers,"Manufacture of machinery, parts and equipment",Disturbances,M
Consumer Discretionary,Motorcycle Manufacturers,"Manufacture of machinery, parts and equipment",Freshwater ecosystem use,ND
Consumer Discretionary,Motorcycle Manufacturers,"Manufacture of machinery, parts and equipment",GHG emissions,VH
Consumer Discretionary,Motorcycle Manufacturers,"Manufacture of machinery, parts and equipment",Marine ecosystem use,ND
Consumer Discretionary,Motorcycle Manufacturers,"Manufacture of machinery, parts and equipment",Non-GHG air pollutants,M
Consumer Discretionary,Motorcycle Manufacturers,"Manufacture of machinery, parts and equipment",Other resource use,ND
Consumer Discretionary,Motorcycle Manufacturers,"Manufacture of machinery, parts and equipment",Soil pollutants,H
Consumer Discretionary,Motorcycle Manufacturers,"Manufacture of machinery, parts and equipment",Solid waste,H
Consumer Discretionary,Motorcycle Manufacturers,"Manufacture of machinery, parts and equipment",Terrestrial ecosystem use,ND
Consumer Discretionary,Motorcycle Manufacturers,"Manufacture of machinery, parts and equipment",Water pollutants,H
Consumer Discretionary,Motorcycle Manufacturers,"Manufacture of machinery, parts and equipment",Water use,H
Consumer Discretionary,Motorcycle Manufacturers,"Manufacture of machinery, parts and equipment",Biological interferences/alterations,ND
Energy,Oil & Gas Equipment & Services,"Manufacture of machinery, parts and equipment",Disturbances,M
Energy,Oil & Gas Equipment & Services,"Manufacture of machinery, parts and equipment",Freshwater ecosystem use,ND
Energy,Oil & Gas Equipment & Services,"Manufacture of machinery, parts and equipment",GHG emissions,VH
Energy,Oil & Gas Equipment & Services,"Manufacture of machinery, parts and equipment",Marine ecosystem use,ND
Energy,Oil & Gas Equipment & Services,"Manufacture of machinery, parts and equipment",Non-GHG air pollutants,M
Energy,Oil & Gas Equipment & Services,"Manufacture of machinery, parts and equipment",Other resource use,ND
Energy,Oil & Gas Equipment & Services,"Manufacture of machinery, parts and equipment",Soil pollutants,H
Energy,Oil & Gas Equipment & Services,"Manufacture of machinery, parts and equipment",Solid waste,H
Energy,Oil & Gas Equipment & Services,"Manufacture of machinery, parts and equipment",Terrestrial ecosystem use,ND
Energy,Oil & Gas Equipment & Services,"Manufacture of machinery, parts and equipment",Water pollutants,H
Energy,Oil & Gas Equipment & Services,"Manufacture of machinery, parts and equipment",Water use,H
Energy,Oil & Gas Equipment & Services,"Manufacture of machinery, parts and equipment",Biological interferences/alterations,ND
Industrials,Aerospace & Defense,"Manufacture of machinery, parts and equipment",Disturbances,M
Industrials,Aerospace & Defense,"Manufacture of machinery, parts and equipment",Freshwater ecosystem use,ND
Industrials,Aerospace & Defense,"Manufacture of machinery, parts and equipment",GHG emissions,VH
Industrials,Aerospace & Defense,"Manufacture of machinery, parts and equipment",Marine ecosystem use,ND
Industrials,Aerospace & Defense,"Manufacture of machinery, parts and equipment",Non-GHG air pollutants,M
Industrials,Aerospace & Defense,"Manufacture of machinery, parts and equipment",Other resource use,ND
Industrials,Aerospace & Defense,"Manufacture of machinery, parts and equipment",Soil pollutants,H
Industrials,Aerospace & Defense,"Manufacture of machinery, parts and equipment",Solid waste,H
Industrials,Aerospace & Defense,"Manufacture of machinery, parts and equipment",Terrestrial ecosystem use,ND
Industrials,Aerospace & Defense,"Manufacture of machinery, parts and equipment",Water pollutants,H
Industrials,Aerospace & Defense,"Manufacture of machinery, parts and equipment",Water use,H
Industrials,Aerospace & Defense,"Manufacture of machinery, parts and equipment",Biological interferences/alterations,ND
Industrials,Agricultural & Farm Machinery,"Manufacture of machinery, parts and equipment",Disturbances,M
Industrials,Agricultural & Farm Machinery,"Manufacture of machinery, parts and equipment",Freshwater ecosystem use,ND
Industrials,Agricultural & Farm Machinery,"Manufacture of machinery, parts and equipment",GHG emissions,VH
Industrials,Agricultural & Farm Machinery,"Manufacture of machinery, parts and equipment",Marine ecosystem use,ND
Industrials,Agricultural & Farm Machinery,"Manufacture of machinery, parts and equipment",Non-GHG air pollutants,M
Industrials,Agricultural & Farm Machinery,"Manufacture of machinery, parts and equipment",Other resource use,ND
Industrials,Agricultural & Farm Machinery,"Manufacture of machinery, parts and equipment",Soil pollutants,H
Industrials,Agricultural & Farm Machinery,"Manufacture of machinery, parts and equipment",Solid waste,H
Industrials,Agricultural & Farm Machinery,"Manufacture of machinery, parts and equipment",Terrestrial ecosystem use,ND
Industrials,Agricultural & Farm Machinery,"Manufacture of machinery, parts and equipment",Water pollutants,H
Industrials,Agricultural & Farm Machinery,"Manufacture of machinery, parts and equipment",Water use,H
Industrials,Agricultural & Farm Machinery,"Manufacture of machinery, parts and equipment",Biological interferences/alterations,ND
Industrials,Construction Machinery & Heavy Trucks,"Manufacture of machinery, parts and equipment",Disturbances,M
Industrials,Construction Machinery & Heavy Trucks,"Manufacture of machinery, parts and equipment",Freshwater ecosystem use,ND
Industrials,Construction Machinery & Heavy Trucks,"Manufacture of machinery, parts and equipment",GHG emissions,VH
Industrials,Construction Machinery & Heavy Trucks,"Manufacture of machinery, parts and equipment",Marine ecosystem use,ND
Industrials,Construction Machinery & Heavy Trucks,"Manufacture of machinery, parts and equipment",Non-GHG air pollutants,M
Industrials,Construction Machinery & Heavy Trucks,"Manufacture of machinery, parts and equipment",Other resource use,ND
Industrials,Construction Machinery & Heavy Trucks,"Manufacture of machinery, parts and equipment",Soil pollutants,H
Industrials,Construction Machinery & Heavy Trucks,"Manufacture of machinery, parts and equipment",Solid waste,H
Industrials,Construction Machinery & Heavy Trucks,"Manufacture of machinery, parts and equipment",Terrestrial ecosystem use,ND
Industrials,Construction Machinery & Heavy Trucks,"Manufacture of machinery, parts and equipment",Water pollutants,H
Industrials,Construction Machinery & Heavy Trucks,"Manufacture of machinery, parts and equipment",Water use,H
Industrials,Construction Machinery & Heavy Trucks,"Manufacture of machinery, parts and equipment",Biological interferences/alterations,ND
Industrials,Heavy Electrical Equipment,"Manufacture of machinery, parts and equipment",Disturbances,M
Industrials,Heavy Electrical Equipment,"Manufacture of machinery, parts and equipment",Freshwater ecosystem use,ND
Industrials,Heavy Electrical Equipment,"Manufacture of machinery, parts and equipment",GHG emissions,VH
Industrials,Heavy Electrical Equipment,"Manufacture of machinery, parts and equipment",Marine ecosystem use,ND
Industrials,Heavy Electrical Equipment,"Manufacture of machinery, parts and equipment",Non-GHG air pollutants,M
Industrials,Heavy Electrical Equipment,"Manufacture of machinery, parts and equipment",Other resource use,ND
Industrials,Heavy Electrical Equipment,"Manufacture of machinery, parts and equipment",Soil pollutants,H
Industrials,Heavy Electrical Equipment,"Manufacture of machinery, parts and equipment",Solid waste,H
Industrials,Heavy Electrical Equipment,"Manufacture of machinery, parts and equipment",Terrestrial ecosystem use,ND
Industrials,Heavy Electrical Equipment,"Manufacture of machinery, parts and equipment",Water pollutants,H
Industrials,Heavy Electrical Equipment,"Manufacture of machinery, parts and equipment",Water use,H
Industrials,Heavy Electrical Equipment,"Manufacture of machinery, parts and equipment",Biological interferences/alterations,ND
Industrials,Industrial Machinery,"Manufacture of machinery, parts and equipment",Disturbances,M
Industrials,Industrial Machinery,"Manufacture of machinery, parts and equipment",Freshwater ecosystem use,ND
Industrials,Industrial Machinery,"Manufacture of machinery, parts and equipment",GHG emissions,VH
Industrials,Industrial Machinery,"Manufacture of machinery, parts and equipment",Marine ecosystem use,ND
Industrials,Industrial Machinery,"Manufacture of machinery, parts and equipment",Non-GHG air pollutants,M
Industrials,Industrial Machinery,"Manufacture of machinery, parts and equipment",Other resource use,ND
Industrials,Industrial Machinery,"Manufacture of machinery, parts and equipment",Soil pollutants,H
Industrials,Industrial Machinery,"Manufacture of machinery, parts and equipment",Solid waste,H
Industrials,Industrial Machinery,"Manufacture of machinery, parts and equipment",Terrestrial ecosystem use,ND
Industrials,Industrial Machinery,"Manufacture of machinery, parts and equipment",Water pollutants,H
Industrials,Industrial Machinery,"Manufacture of machinery, parts and equipment",Water use,H
Industrials,Industrial Machinery,"Manufacture of machinery, parts and equipment",Biological interferences/alterations,ND
Industrials,Trucking,"Manufacture of machinery, parts and equipment",Disturbances,M
Industrials,Trucking,"Manufacture of machinery, parts and equipment",Freshwater ecosystem use,ND
Industrials,Trucking,"Manufacture of machinery, parts and equipment",GHG emissions,VH
Industrials,Trucking,"Manufacture of machinery, parts and equipment",Marine ecosystem use,ND
Industrials,Trucking,"Manufacture of machinery, parts and equipment",Non-GHG air pollutants,M
Industrials,Trucking,"Manufacture of machinery, parts and equipment",Other resource use,ND
Industrials,Trucking,"Manufacture of machinery, parts and equipment",Soil pollutants,H
Industrials,Trucking,"Manufacture of machinery, parts and equipment",Solid waste,H
Industrials,Trucking,"Manufacture of machinery, parts and equipment",Terrestrial ecosystem use,ND
Industrials,Trucking,"Manufacture of machinery, parts and equipment",Water pollutants,H
Industrials,Trucking,"Manufacture of machinery, parts and equipment",Water use,H
Industrials,Trucking,"Manufacture of machinery, parts and equipment",Biological interferences/alterations,ND
Industrials,Marine Ports & Services,Marine ports and services,Disturbances,H
Industrials,Marine Ports & Services,Marine ports and services,Freshwater ecosystem use,VH
Industrials,Marine Ports & Services,Marine ports and services,GHG emissions,VH
Industrials,Marine Ports & Services,Marine ports and services,Marine ecosystem use,VH
Industrials,Marine Ports & Services,Marine ports and services,Non-GHG air pollutants,ND
Industrials,Marine Ports & Services,Marine ports and services,Other resource use,ND
Industrials,Marine Ports & Services,Marine ports and services,Soil pollutants,H
Industrials,Marine Ports & Services,Marine ports and services,Solid waste,M
Industrials,Marine Ports & Services,Marine ports and services,Terrestrial ecosystem use,H
Industrials,Marine Ports & Services,Marine ports and services,Water pollutants,H
Industrials,Marine Ports & Services,Marine ports and services,Water use,ND
Industrials,Marine Ports & Services,Marine ports and services,Biological interferences/alterations,VH
Industrials,Marine,Marine transportation,Disturbances,H
Industrials,Marine,Marine transportation,Freshwater ecosystem use,ND
Industrials,Marine,Marine transportation,GHG emissions,VH
Industrials,Marine,Marine transportation,Marine ecosystem use,H
Industrials,Marine,Marine transportation,Non-GHG air pollutants,ND
Industrials,Marine,Marine transportation,Other resource use,ND
Industrials,Marine,Marine transportation,Soil pollutants,H
Industrials,Marine,Marine transportation,Solid waste,ND
Industrials,Marine,Marine transportation,Terrestrial ecosystem use,ND
Industrials,Marine,Marine transportation,Water pollutants,H
Industrials,Marine,Marine transportation,Water use,ND
Industrials,Marine,Marine transportation,Biological interferences/alterations,H
Materials,Industrial Gases,Membrane technology,Disturbances,ND
Materials,Industrial Gases,Membrane technology,Freshwater ecosystem use,ND
Materials,Industrial Gases,Membrane technology,GHG emissions,VH
Materials,Industrial Gases,Membrane technology,Marine ecosystem use,ND
Materials,Industrial Gases,Membrane technology,Non-GHG air pollutants,ND
Materials,Industrial Gases,Membrane technology,Other resource use,ND
Materials,Industrial Gases,Membrane technology,Soil pollutants,ND
Materials,Industrial Gases,Membrane technology,Solid waste,ND
Materials,Industrial Gases,Membrane technology,Terrestrial ecosystem use,ND
Materials,Industrial Gases,Membrane technology,Water pollutants,ND
Materials,Industrial Gases,Membrane technology,Water use,ND
Materials,Industrial Gases,Membrane technology,Biological interferences/alterations,ND
Materials,Metal & Glass Containers,Metal processing,Disturbances,ND
Materials,Metal & Glass Containers,Metal processing,Freshwater ecosystem use,ND
Materials,Metal & Glass Containers,Metal processing,GHG emissions,VH
Materials,Metal & Glass Containers,Metal processing,Marine ecosystem use,ND
Materials,Metal & Glass Containers,Metal processing,Non-GHG air pollutants,M
Materials,Metal & Glass Containers,Metal processing,Other resource use,ND
Materials,Metal & Glass Containers,Metal processing,Soil pollutants,M
Materials,Metal & Glass Containers,Metal processing,Solid waste,H
Materials,Metal & Glass Containers,Metal processing,Terrestrial ecosystem use,ND
Materials,Metal & Glass Containers,Metal processing,Water pollutants,M
Materials,Metal & Glass Containers,Metal processing,Water use,H
Materials,Metal & Glass Containers,Metal processing,Biological interferences/alterations,ND
Energy,Coal & Consumable Fuels,Mining,Disturbances,H
Energy,Coal & Consumable Fuels,Mining,Freshwater ecosystem use,H
Energy,Coal & Consumable Fuels,Mining,GHG emissions,VH
Energy,Coal & Consumable Fuels,Mining,Marine ecosystem use,ND
Energy,Coal & Consumable Fuels,Mining,Non-GHG air pollutants,H
Energy,Coal & Consumable Fuels,Mining,Other resource use,ND
Energy,Coal & Consumable Fuels,Mining,Soil pollutants,H
Energy,Coal & Consumable Fuels,Mining,Solid waste,H
Energy,Coal & Consumable Fuels,Mining,Terrestrial ecosystem use,VH
Energy,Coal & Consumable Fuels,Mining,Water pollutants,H
Energy,Coal & Consumable Fuels,Mining,Water use,VH
Energy,Coal & Consumable Fuels,Mining,Biological interferences/alterations,M
Materials,Aluminum,Mining,Disturbances,H
Materials,Aluminum,Mining,Freshwater ecosystem use,H
Materials,Aluminum,Mining,GHG emissions,VH
Materials,Aluminum,Mining,Marine ecosystem use,ND
Materials,Aluminum,Mining,Non-GHG air pollutants,H
Materials,Aluminum,Mining,Other resource use,ND
Materials,Aluminum,Mining,Soil pollutants,H
Materials,Aluminum,Mining,Solid waste,H
Materials,Aluminum,Mining,Terrestrial ecosystem use,VH
Materials,Aluminum,Mining,Water pollutants,H
Materials,Aluminum,Mining,Water use,VH
Materials,Aluminum,Mining,Biological interferences/alterations,M
Materials,Copper,Mining,Disturbances,H
Materials,Copper,Mining,Freshwater ecosystem use,H
Materials,Copper,Mining,GHG emissions,VH
Materials,Copper,Mining,Marine ecosystem use,ND
Materials,Copper,Mining,Non-GHG air pollutants,H
Materials,Copper,Mining,Other resource use,ND
Materials,Copper,Mining,Soil pollutants,H
Materials,Copper,Mining,Solid waste,H
Materials,Copper,Mining,Terrestrial ecosystem use,VH
Materials,Copper,Mining,Water pollutants,H
Materials,Copper,Mining,Water use,VH
Materials,Copper,Mining,Biological interferences/alterations,M
Materials,Diversified Metals & Mining,Mining,Disturbances,H
Materials,Diversified Metals & Mining,Mining,Freshwater ecosystem use,H
Materials,Diversified Metals & Mining,Mining,GHG emissions,VH
Materials,Diversified Metals & Mining,Mining,Marine ecosystem use,ND
Materials,Diversified Metals & Mining,Mining,Non-GHG air pollutants,H
Materials,Diversified Metals & Mining,Mining,Other resource use,ND
Materials,Diversified Metals & Mining,Mining,Soil pollutants,H
Materials,Diversified Metals & Mining,Mining,Solid waste,H
Materials,Diversified Metals & Mining,Mining,Terrestrial ecosystem use,VH
Materials,Diversified Metals & Mining,Mining,Water pollutants,H
Materials,Diversified Metals & Mining,Mining,Water use,VH
Materials,Diversified Metals & Mining,Mining,Biological interferences/alterations,M
Materials,Gold,Mining,Disturbances,H
Materials,Gold,Mining,Freshwater ecosystem use,H
Materials,Gold,Mining,GHG emissions,VH
Materials,Gold,Mining,Marine ecosystem use,ND
Materials,Gold,Mining,Non-GHG air pollutants,H
Materials,Gold,Mining,Other resource use,ND
Materials,Gold,Mining,Soil pollutants,H
Materials,Gold,Mining,Solid waste,H
Materials,Gold,Mining,Terrestrial ecosystem use,VH
Materials,Gold,Mining,Water pollutants,H
Materials,Gold,Mining,Water use,VH
Materials,Gold,Mining,Biological interferences/alterations,M
Materials,Precious Metals & Minerals,Mining,Disturbances,H
Materials,Precious Metals & Minerals,Mining,Freshwater ecosystem use,H
Materials,Precious Metals & Minerals,Mining,GHG emissions,VH
Materials,Precious Metals & Minerals,Mining,Marine ecosystem use,ND
Materials,Precious Metals & Minerals,Mining,Non-GHG air pollutants,H
Materials,Precious Metals & Minerals,Mining,Other resource use,ND
Materials,Precious Metals & Minerals,Mining,Soil pollutants,H
Materials,Precious Metals & Minerals,Mining,Solid waste,H
Materials,Precious Metals & Minerals,Mining,Terrestrial ecosystem use,VH
Materials,Precious Metals & Minerals,Mining,Water pollutants,H
Materials,Precious Metals & Minerals,Mining,Water use,VH
Materials,Precious Metals & Minerals,Mining,Biological interferences/alterations,M
Materials,Silver,Mining,Disturbances,H
Materials,Silver,Mining,Freshwater ecosystem use,H
Materials,Silver,Mining,GHG emissions,VH
Materials,Silver,Mining,Marine ecosystem use,ND
Materials,Silver,Mining,Non-GHG air pollutants,H
Materials,Silver,Mining,Other resource use,ND
Materials,Silver,Mining,Soil pollutants,H
Materials,Silver,Mining,Solid waste,H
Materials,Silver,Mining,Terrestrial ecosystem use,VH
Materials,Silver,Mining,Water pollutants,H
Materials,Silver,Mining,Water use,VH
Materials,Silver,Mining,Biological interferences/alterations,M
Consumer Discretionary,"Apparel, Accessories & Luxury Goods",Natural fibre production,Disturbances,ND
Consumer Discretionary,"Apparel, Accessories & Luxury Goods",Natural fibre production,Freshwater ecosystem use,ND
Consumer Discretionary,"Apparel, Accessories & Luxury Goods",Natural fibre production,GHG emissions,ND
Consumer Discretionary,"Apparel, Accessories & Luxury Goods",Natural fibre production,Marine ecosystem use,ND
Consumer Discretionary,"Apparel, Accessories & Luxury Goods",Natural fibre production,Non-GHG air pollutants,H
Consumer Discretionary,"Apparel, Accessories & Luxury Goods",Natural fibre production,Other resource use,ND
Consumer Discretionary,"Apparel, Accessories & Luxury Goods",Natural fibre production,Soil pollutants,M
Consumer Discretionary,"Apparel, Accessories & Luxury Goods",Natural fibre production,Solid waste,M
Consumer Discretionary,"Apparel, Accessories & Luxury Goods",Natural fibre production,Terrestrial ecosystem use,H
Consumer Discretionary,"Apparel, Accessories & Luxury Goods",Natural fibre production,Water pollutants,H
Consumer Discretionary,"Apparel, Accessories & Luxury Goods",Natural fibre production,Water use,VH
Consumer Discretionary,"Apparel, Accessories & Luxury Goods",Natural fibre production,Biological interferences/alterations,ND
Consumer Discretionary,Textiles,Natural fibre production,Disturbances,ND
Consumer Discretionary,Textiles,Natural fibre production,Freshwater ecosystem use,ND
Consumer Discretionary,Textiles,Natural fibre production,GHG emissions,ND
Consumer Discretionary,Textiles,Natural fibre production,Marine ecosystem use,ND
Consumer Discretionary,Textiles,Natural fibre production,Non-GHG air pollutants,H
Consumer Discretionary,Textiles,Natural fibre production,Other resource use,ND
Consumer Discretionary,Textiles,Natural fibre production,Soil pollutants,M
Consumer Discretionary,Textiles,Natural fibre production,Solid waste,M
Consumer Discretionary,Textiles,Natural fibre production,Terrestrial ecosystem use,H
Consumer Discretionary,Textiles,Natural fibre production,Water pollutants,H
Consumer Discretionary,Textiles,Natural fibre production,Water use,VH
Consumer Discretionary,Textiles,Natural fibre production,Biological interferences/alterations,ND
Materials,Industrial Gases,Natural gas combustion,Disturbances,ND
Materials,Industrial Gases,Natural gas combustion,Freshwater ecosystem use,ND
Materials,Industrial Gases,Natural gas combustion,GHG emissions,VH
Materials,Industrial Gases,Natural gas combustion,Marine ecosystem use,ND
Materials,Industrial Gases,Natural gas combustion,Non-GHG air pollutants,H
Materials,Industrial Gases,Natural gas combustion,Other resource use,ND
Materials,Industrial Gases,Natural gas combustion,Soil pollutants,H
Materials,Industrial Gases,Natural gas combustion,Solid waste,ND
Materials,Industrial Gases,Natural gas combustion,Terrestrial ecosystem use,H
Materials,Industrial Gases,Natural gas combustion,Water pollutants,H
Materials,Industrial Gases,Natural gas combustion,Water use,VH
Materials,Industrial Gases,Natural gas combustion,Biological interferences/alterations,ND
Utilities,Electric Utilities,Nuclear and thermal power stations,Disturbances,H
Utilities,Electric Utilities,Nuclear and thermal power stations,Freshwater ecosystem use,H
Utilities,Electric Utilities,Nuclear and thermal power stations,GHG emissions,VH
Utilities,Electric Utilities,Nuclear and thermal power stations,Marine ecosystem use,ND
Utilities,Electric Utilities,Nuclear and thermal power stations,Non-GHG air pollutants,H
Utilities,Electric Utilities,Nuclear and thermal power stations,Other resource use,ND
Utilities,Electric Utilities,Nuclear and thermal power stations,Soil pollutants,H
Utilities,Electric Utilities,Nuclear and thermal power stations,Solid waste,H
Utilities,Electric Utilities,Nuclear and thermal power stations,Terrestrial ecosystem use,ND
Utilities,Electric Utilities,Nuclear and thermal power stations,Water pollutants,H
Utilities,Electric Utilities,Nuclear and thermal power stations,Water use,VH
Utilities,Electric Utilities,Nuclear and thermal power stations,Biological interferences/alterations,ND
Utilities,Independent Power Producers & Energy Traders,Nuclear and thermal power stations,Disturbances,H
Utilities,Independent Power Producers & Energy Traders,Nuclear and thermal power stations,Freshwater ecosystem use,H
Utilities,Independent Power Producers & Energy Traders,Nuclear and thermal power stations,GHG emissions,VH
Utilities,Independent Power Producers & Energy Traders,Nuclear and thermal power stations,Marine ecosystem use,ND
Utilities,Independent Power Producers & Energy Traders,Nuclear and thermal power stations,Non-GHG air pollutants,H
Utilities,Independent Power Producers & Energy Traders,Nuclear and thermal power stations,Other resource use,ND
Utilities,Independent Power Producers & Energy Traders,Nuclear and thermal power stations,Soil pollutants,H
Utilities,Independent Power Producers & Energy Traders,Nuclear and thermal power stations,Solid waste,H
Utilities,Independent Power Producers & Energy Traders,Nuclear and thermal power stations,Terrestrial ecosystem use,ND
Utilities,Independent Power Producers & Energy Traders,Nuclear and thermal power stations,Water pollutants,H
Utilities,Independent Power Producers & Energy Traders,Nuclear and thermal power stations,Water use,VH
Utilities,Independent Power Producers & Energy Traders,Nuclear and thermal power stations,Biological interferences/alterations,ND
Energy,Oil & Gas Drilling,Oil and gas drilling,Disturbances,H
Energy,Oil & Gas Drilling,Oil and gas drilling,Freshwater ecosystem use,H
Energy,Oil & Gas Drilling,Oil and gas drilling,GHG emissions,VH
Energy,Oil & Gas Drilling,Oil and gas drilling,Marine ecosystem use,VH
Energy,Oil & Gas Drilling,Oil and gas drilling,Non-GHG air pollutants,H
Energy,Oil & Gas Drilling,Oil and gas drilling,Other resource use,ND
Energy,Oil & Gas Drilling,Oil and gas drilling,Soil pollutants,H
Energy,Oil & Gas Drilling,Oil and gas drilling,Solid waste,H
Energy,Oil & Gas Drilling,Oil and gas drilling,Terrestrial ecosystem use,H
Energy,Oil & Gas Drilling,Oil and gas drilling,Water pollutants,VH
Energy,Oil & Gas Drilling,Oil and gas drilling,Water use,VH
Energy,Oil & Gas Drilling,Oil and gas drilling,Biological interferences/alterations,ND
Energy,Oil & Gas Exploration & Production,Oil and gas exploration surveys,Disturbances,H
Energy,Oil & Gas Exploration & Production,Oil and gas exploration surveys,Freshwater ecosystem use,H
Energy,Oil & Gas Exploration & Production,Oil and gas exploration surveys,GHG emissions,VH
Energy,Oil & Gas Exploration & Production,Oil and gas exploration surveys,Marine ecosystem use,M
Energy,Oil & Gas Exploration & Production,Oil and gas exploration surveys,Non-GHG air pollutants,H
Energy,Oil & Gas Exploration & Production,Oil and gas exploration surveys,Other resource use,ND
Energy,Oil & Gas Exploration & Production,Oil and gas exploration surveys,Soil pollutants,H
Energy,Oil & Gas Exploration & Production,Oil and gas exploration surveys,Solid waste,H
Energy,Oil & Gas Exploration & Production,Oil and gas exploration surveys,Terrestrial ecosystem use,H
Energy,Oil & Gas Exploration & Production,Oil and gas exploration surveys,Water pollutants,VH
Energy,Oil & Gas Exploration & Production,Oil and gas exploration surveys,Water use,VH
Energy,Oil & Gas Exploration & Production,Oil and gas exploration surveys,Biological interferences/alterations,ND
Energy,Oil & Gas Refining & Marketing,Oil and gas refining,Disturbances,ND
Energy,Oil & Gas Refining & Marketing,Oil and gas refining,Freshwater ecosystem use,ND
Energy,Oil & Gas Refining & Marketing,Oil and gas refining,GHG emissions,VH
Energy,Oil & Gas Refining & Marketing,Oil and gas refining,Marine ecosystem use,ND
Energy,Oil & Gas Refining & Marketing,Oil and gas refining,Non-GHG air pollutants,H
Energy,Oil & Gas Refining & Marketing,Oil and gas refining,Other resource use,ND
Energy,Oil & Gas Refining & Marketing,Oil and gas refining,Soil pollutants,M
Energy,Oil & Gas Refining & Marketing,Oil and gas refining,Solid waste,ND
Energy,Oil & Gas Refining & Marketing,Oil and gas refining,Terrestrial ecosystem use,ND
Energy,Oil & Gas Refining & Marketing,Oil and gas refining,Water pollutants,M
Energy,Oil & Gas Refining & Marketing,Oil and gas refining,Water use,VH
Energy,Oil & Gas Refining & Marketing,Oil and gas refining,Biological interferences/alterations,L
Energy,Oil & Gas Equipment & Services,Oil and gas services,Disturbances,ND
Energy,Oil & Gas Equipment & Services,Oil and gas services,Freshwater ecosystem use,ND
Energy,Oil & Gas Equipment & Services,Oil and gas services,GHG emissions,ND
Energy,Oil & Gas Equipment & Services,Oil and gas services,Marine ecosystem use,ND
Energy,Oil & Gas Equipment & Services,Oil and gas services,Non-GHG air pollutants,ND
Energy,Oil & Gas Equipment & Services,Oil and gas services,Other resource use,ND
Energy,Oil & Gas Equipment & Services,Oil and gas services,Soil pollutants,ND
Energy,Oil & Gas Equipment & Services,Oil and gas services,Solid waste,M
Energy,Oil & Gas Equipment & Services,Oil and gas services,Terrestrial ecosystem use,ND
Energy,Oil & Gas Equipment & Services,Oil and gas services,Water pollutants,ND
Energy,Oil & Gas Equipment & Services,Oil and gas services,Water use,ND
Energy,Oil & Gas Equipment & Services,Oil and gas services,Biological interferences/alterations,ND
Energy,Oil & Gas Storage & Transportation,Oil and gas storage,Disturbances,ND
Energy,Oil & Gas Storage & Transportation,Oil and gas storage,Freshwater ecosystem use,ND
Energy,Oil & Gas Storage & Transportation,Oil and gas storage,GHG emissions,ND
Energy,Oil & Gas Storage & Transportation,Oil and gas storage,Marine ecosystem use,ND
Energy,Oil & Gas Storage & Transportation,Oil and gas storage,Non-GHG air pollutants,ND
Energy,Oil & Gas Storage & Transportation,Oil and gas storage,Other resource use,ND
Energy,Oil & Gas Storage & Transportation,Oil and gas storage,Soil pollutants,L
Energy,Oil & Gas Storage & Transportation,Oil and gas storage,Solid waste,ND
Energy,Oil & Gas Storage & Transportation,Oil and gas storage,Terrestrial ecosystem use,H
Energy,Oil & Gas Storage & Transportation,Oil and gas storage,Water pollutants,L
Energy,Oil & Gas Storage & Transportation,Oil and gas storage,Water use,ND
Energy,Oil & Gas Storage & Transportation,Oil and gas storage,Biological interferences/alterations,ND
Energy,Oil & Gas Storage & Transportation,Oil and gas transportation,Disturbances,ND
Energy,Oil & Gas Storage & Transportation,Oil and gas transportation,Freshwater ecosystem use,H
Energy,Oil & Gas Storage & Transportation,Oil and gas transportation,GHG emissions,VH
Energy,Oil & Gas Storage & Transportation,Oil and gas transportation,Marine ecosystem use,H
Energy,Oil & Gas Storage & Transportation,Oil and gas transportation,Non-GHG air pollutants,ND
Energy,Oil & Gas Storage & Transportation,Oil and gas transportation,Other resource use,ND
Energy,Oil & Gas Storage & Transportation,Oil and gas transportation,Soil pollutants,L
Energy,Oil & Gas Storage & Transportation,Oil and gas transportation,Solid waste,ND
Energy,Oil & Gas Storage & Transportation,Oil and gas transportation,Terrestrial ecosystem use,H
Energy,Oil & Gas Storage & Transportation,Oil and gas transportation,Water pollutants,L
Energy,Oil & Gas Storage & Transportation,Oil and gas transportation,Water use,H
Energy,Oil & Gas Storage & Transportation,Oil and gas transportation,Biological interferences/alterations,ND
Materials,Paper Packaging,Paper packaging production,Disturbances,ND
Materials,Paper Packaging,Paper packaging production,Freshwater ecosystem use,ND
Materials,Paper Packaging,Paper packaging production,GHG emissions,ND
Materials,Paper Packaging,Paper packaging production,Marine ecosystem use,ND
Materials,Paper Packaging,Paper packaging production,Non-GHG air pollutants,M
Materials,Paper Packaging,Paper packaging production,Other resource use,ND
Materials,Paper Packaging,Paper packaging production,Soil pollutants,H
Materials,Paper Packaging,Paper packaging production,Solid waste,ND
Materials,Paper Packaging,Paper packaging production,Terrestrial ecosystem use,ND
Materials,Paper Packaging,Paper packaging production,Water pollutants,H
Materials,Paper Packaging,Paper packaging production,Water use,VH
Materials,Paper Packaging,Paper packaging production,Biological interferences/alterations,ND
Materials,Diversified Chemicals,Polymerization,Disturbances,ND
Materials,Diversified Chemicals,Polymerization,Freshwater ecosystem use,ND
Materials,Diversified Chemicals,Polymerization,GHG emissions,ND
Materials,Diversified Chemicals,Polymerization,Marine ecosystem use,ND
Materials,Diversified Chemicals,Polymerization,Non-GHG air pollutants,M
Materials,Diversified Chemicals,Polymerization,Other resource use,ND
Materials,Diversified Chemicals,Polymerization,Soil pollutants,H
Materials,Diversified Chemicals,Polymerization,Solid waste,ND
Materials,Diversified Chemicals,Polymerization,Terrestrial ecosystem use,H
Materials,Diversified Chemicals,Polymerization,Water pollutants,H
Materials,Diversified Chemicals,Polymerization,Water use,VH
Materials,Diversified Chemicals,Polymerization,Biological interferences/alterations,ND
Consumer Staples,Packaged Foods & Meats,Processed food and drink production,Disturbances,ND
Consumer Staples,Packaged Foods & Meats,Processed food and drink production,Freshwater ecosystem use,ND
Consumer Staples,Packaged Foods & Meats,Processed food and drink production,GHG emissions,VH
Consumer Staples,Packaged Foods & Meats,Processed food and drink production,Marine ecosystem use,ND
Consumer Staples,Packaged Foods & Meats,Processed food and drink production,Non-GHG air pollutants,ND
Consumer Staples,Packaged Foods & Meats,Processed food and drink production,Other resource use,ND
Consumer Staples,Packaged Foods & Meats,Processed food and drink production,Soil pollutants,M
Consumer Staples,Packaged Foods & Meats,Processed food and drink production,Solid waste,H
Consumer Staples,Packaged Foods & Meats,Processed food and drink production,Terrestrial ecosystem use,ND
Consumer Staples,Packaged Foods & Meats,Processed food and drink production,Water pollutants,M
Consumer Staples,Packaged Foods & Meats,Processed food and drink production,Water use,H
Consumer Staples,Packaged Foods & Meats,Processed food and drink production,Biological interferences/alterations,ND
Consumer Staples,Soft Drinks,Processed food and drink production,Disturbances,ND
Consumer Staples,Soft Drinks,Processed food and drink production,Freshwater ecosystem use,ND
Consumer Staples,Soft Drinks,Processed food and drink production,GHG emissions,VH
Consumer Staples,Soft Drinks,Processed food and drink production,Marine ecosystem use,ND
Consumer Staples,Soft Drinks,Processed food and drink production,Non-GHG air pollutants,ND
Consumer Staples,Soft Drinks,Processed food and drink production,Other resource use,ND
Consumer Staples,Soft Drinks,Processed food and drink production,Soil pollutants,M
Consumer Staples,Soft Drinks,Processed food and drink production,Solid waste,H
Consumer Staples,Soft Drinks,Processed food and drink production,Terrestrial ecosystem use,ND
Consumer Staples,Soft Drinks,Processed food and drink production,Water pollutants,M
Consumer Staples,Soft Drinks,Processed food and drink production,Water use,H
Consumer Staples,Soft Drinks,Processed food and drink production,Biological interferences/alterations,ND
Materials,Forest Products,Production of forest and wood-based products,Disturbances,ND
Materials,Forest Products,Production of forest and wood-based products,Freshwater ecosystem use,ND
Materials,Forest Products,Production of forest and wood-based products,GHG emissions,VH
Materials,Forest Products,Production of forest and wood-based products,Marine ecosystem use,ND
Materials,Forest Products,Production of forest and wood-based products,Non-GHG air pollutants,ND
Materials,Forest Products,Production of forest and wood-based products,Other resource use,ND
Materials,Forest Products,Production of forest and wood-based products,Soil pollutants,H
Materials,Forest Products,Production of forest and wood-based products,Solid waste,ND
Materials,Forest Products,Production of forest and wood-based products,Terrestrial ecosystem use,H
Materials,Forest Products,Production of forest and wood-based products,Water pollutants,H
Materials,Forest Products,Production of forest and wood-based products,Water use,ND
Materials,Forest Products,Production of forest and wood-based products,Biological interferences/alterations,ND
Consumer Discretionary,Leisure Products,Production of leisure or personal products,Disturbances,ND
Consumer Discretionary,Leisure Products,Production of leisure or personal products,Freshwater ecosystem use,ND
Consumer Discretionary,Leisure Products,Production of leisure or personal products,GHG emissions,VH
Consumer Discretionary,Leisure Products,Production of leisure or personal products,Marine ecosystem use,ND
Consumer Discretionary,Leisure Products,Production of leisure or personal products,Non-GHG air pollutants,M
Consumer Discretionary,Leisure Products,Production of leisure or personal products,Other resource use,ND
Consumer Discretionary,Leisure Products,Production of leisure or personal products,Soil pollutants,M
Consumer Discretionary,Leisure Products,Production of leisure or personal products,Solid waste,H
Consumer Discretionary,Leisure Products,Production of leisure or personal products,Terrestrial ecosystem use,ND
Consumer Discretionary,Leisure Products,Production of leisure or personal products,Water pollutants,M
Consumer Discretionary,Leisure Products,Production of leisure or personal products,Water use,H
Consumer Discretionary,Leisure Products,Production of leisure or personal products,Biological interferences/alterations,ND
Consumer Staples,Personal Products,Production of leisure or personal products,Disturbances,ND
Consumer Staples,Personal Products,Production of leisure or personal products,Freshwater ecosystem use,ND
Consumer Staples,Personal Products,Production of leisure or personal products,GHG emissions,VH
Consumer Staples,Personal Products,Production of leisure or personal products,Marine ecosystem use,ND
Consumer Staples,Personal Products,Production of leisure or personal products,Non-GHG air pollutants,M
Consumer Staples,Personal Products,Production of leisure or personal products,Other resource use,ND
Consumer Staples,Personal Products,Production of leisure or personal products,Soil pollutants,M
Consumer Staples,Personal Products,Production of leisure or personal products,Solid waste,H
Consumer Staples,Personal Products,Production of leisure or personal products,Terrestrial ecosystem use,ND
Consumer Staples,Personal Products,Production of leisure or personal products,Water pollutants,M
Consumer Staples,Personal Products,Production of leisure or personal products,Water use,H
Consumer Staples,Personal Products,Production of leisure or personal products,Biological interferences/alterations,ND
Materials,Paper Products,Production of paper products,Disturbances,ND
Materials,Paper Products,Production of paper products,Freshwater ecosystem use,ND
Materials,Paper Products,Production of paper products,GHG emissions,ND
Materials,Paper Products,Production of paper products,Marine ecosystem use,ND
Materials,Paper Products,Production of paper products,Non-GHG air pollutants,M
Materials,Paper Products,Production of paper products,Other resource use,ND
Materials,Paper Products,Production of paper products,Soil pollutants,H
Materials,Paper Products,Production of paper products,Solid waste,ND
Materials,Paper Products,Production of paper products,Terrestrial ecosystem use,ND
Materials,Paper Products,Production of paper products,Water pollutants,H
Materials,Paper Products,Production of paper products,Water use,VH
Materials,Paper Products,Production of paper products,Biological interferences/alterations,ND
Health Care,Health Care Facilities,Provision of health care,Disturbances,ND
Health Care,Health Care Facilities,Provision of health care,Freshwater ecosystem use,ND
Health Care,Health Care Facilities,Provision of health care,GHG emissions,VH
Health Care,Health Care Facilities,Provision of health care,Marine ecosystem use,ND
Health Care,Health Care Facilities,Provision of health care,Non-GHG air pollutants,ND
Health Care,Health Care Facilities,Provision of health care,Other resource use,ND
Health Care,Health Care Facilities,Provision of health care,Soil pollutants,M
Health Care,Health Care Facilities,Provision of health care,Solid waste,M
Health Care,Health Care Facilities,Provision of health care,Terrestrial ecosystem use,ND
Health Care,Health Care Facilities,Provision of health care,Water pollutants,M
Health Care,Health Care Facilities,Provision of health care,Water use,ND
Health Care,Health Care Facilities,Provision of health care,Biological interferences/alterations,ND
Industrials,Railroads,Railway transportation,Disturbances,H
Industrials,Railroads,Railway transportation,Freshwater ecosystem use,ND
Industrials,Railroads,Railway transportation,GHG emissions,VH
Industrials,Railroads,Railway transportation,Marine ecosystem use,ND
Industrials,Railroads,Railway transportation,Non-GHG air pollutants,H
Industrials,Railroads,Railway transportation,Other resource use,ND
Industrials,Railroads,Railway transportation,Soil pollutants,L
Industrials,Railroads,Railway transportation,Solid waste,ND
Industrials,Railroads,Railway transportation,Terrestrial ecosystem use,ND
Industrials,Railroads,Railway transportation,Water pollutants,L
Industrials,Railroads,Railway transportation,Water use,ND
Industrials,Railroads,Railway transportation,Biological interferences/alterations,H
Real Estate,Diversified Real Estate Activities,Real estate activities,Disturbances,ND
Real Estate,Diversified Real Estate Activities,Real estate activities,Freshwater ecosystem use,ND
Real Estate,Diversified Real Estate Activities,Real estate activities,GHG emissions,VH
Real Estate,Diversified Real Estate Activities,Real estate activities,Marine ecosystem use,ND
Real Estate,Diversified Real Estate Activities,Real estate activities,Non-GHG air pollutants,M
Real Estate,Diversified Real Estate Activities,Real estate activities,Other resource use,ND
Real Estate,Diversified Real Estate Activities,Real estate activities,Soil pollutants,M
Real Estate,Diversified Real Estate Activities,Real estate activities,Solid waste,H
Real Estate,Diversified Real Estate Activities,Real estate activities,Terrestrial ecosystem use,VH
Real Estate,Diversified Real Estate Activities,Real estate activities,Water pollutants,M
Real Estate,Diversified Real Estate Activities,Real estate activities,Water use,ND
Real Estate,Diversified Real Estate Activities,Real estate activities,Biological interferences/alterations,M
Real Estate,Real Estate Development,Real estate activities,Disturbances,ND
Real Estate,Real Estate Development,Real estate activities,Freshwater ecosystem use,ND
Real Estate,Real Estate Development,Real estate activities,GHG emissions,VH
Real Estate,Real Estate Development,Real estate activities,Marine ecosystem use,ND
Real Estate,Real Estate Development,Real estate activities,Non-GHG air pollutants,M
Real Estate,Real Estate Development,Real estate activities,Other resource use,ND
Real Estate,Real Estate Development,Real estate activities,Soil pollutants,M
Real Estate,Real Estate Development,Real estate activities,Solid waste,H
Real Estate,Real Estate Development,Real estate activities,Terrestrial ecosystem use,VH
Real Estate,Real Estate Development,Real estate activities,Water pollutants,M
Real Estate,Real Estate Development,Real estate activities,Water use,ND
Real Estate,Real Estate Development,Real estate activities,Biological interferences/alterations,M
Real Estate,Real Estate Operating Companies,Real estate activities,Disturbances,ND
Real Estate,Real Estate Operating Companies,Real estate activities,Freshwater ecosystem use,ND
Real Estate,Real Estate Operating Companies,Real estate activities,GHG emissions,VH
Real Estate,Real Estate Operating Companies,Real estate activities,Marine ecosystem use,ND
Real Estate,Real Estate Operating Companies,Real estate activities,Non-GHG air pollutants,M
Real Estate,Real Estate Operating Companies,Real estate activities,Other resource use,ND
Real Estate,Real Estate Operating Companies,Real estate activities,Soil pollutants,M
Real Estate,Real Estate Operating Companies,Real estate activities,Solid waste,H
Real Estate,Real Estate Operating Companies,Real estate activities,Terrestrial ecosystem use,VH
Real Estate,Real Estate Operating Companies,Real estate activities,Water pollutants,M
Real Estate,Real Estate Operating Companies,Real estate activities,Water use,ND
Real Estate,Real Estate Operating Companies,Real estate activities,Biological interferences/alterations,M
Real Estate,Real Estate Services,Real estate activities,Disturbances,ND
Real Estate,Real Estate Services,Real estate activities,Freshwater ecosystem use,ND
Real Estate,Real Estate Services,Real estate activities,GHG emissions,VH
Real Estate,Real Estate Services,Real estate activities,Marine ecosystem use,ND
Real Estate,Real Estate Services,Real estate activities,Non-GHG air pollutants,M
Real Estate,Real Estate Services,Real estate activities,Other resource use,ND
Real Estate,Real Estate Services,Real estate activities,Soil pollutants,M
Real Estate,Real Estate Services,Real estate activities,Solid waste,H
Real Estate,Real Estate Services,Real estate activities,Terrestrial ecosystem use,VH
Real Estate,Real Estate Services,Real estate activities,Water pollutants,M
Real Estate,Real Estate Services,Real estate activities,Water use,ND
Real Estate,Real Estate Services,Real estate activities,Biological interferences/alterations,M
Materials,Industrial Gases,Recovery and separation of carbon dioxide,Disturbances,H
Materials,Industrial Gases,Recovery and separation of carbon dioxide,Freshwater ecosystem use,ND
Materials,Industrial Gases,Recovery and separation of carbon dioxide,GHG emissions,VH
Materials,Industrial Gases,Recovery and separation of carbon dioxide,Marine ecosystem use,ND
Materials,Industrial Gases,Recovery and separation of carbon dioxide,Non-GHG air pollutants,M
Materials,Industrial Gases,Recovery and separation of carbon dioxide,Other resource use,ND
Materials,Industrial Gases,Recovery and separation of carbon dioxide,Soil pollutants,L
Materials,Industrial Gases,Recovery and separation of carbon dioxide,Solid waste,M
Materials,Industrial Gases,Recovery and separation of carbon dioxide,Terrestrial ecosystem use,ND
Materials,Industrial Gases,Recovery and separation of carbon dioxide,Water pollutants,L
Materials,Industrial Gases,Recovery and separation of carbon dioxide,Water use,ND
Materials,Industrial Gases,Recovery and separation of carbon dioxide,Biological interferences/alterations,ND
Consumer Discretionary,Restaurants,Restaurant provision,Disturbances,ND
Consumer Discretionary,Restaurants,Restaurant provision,Freshwater ecosystem use,ND
Consumer Discretionary,Restaurants,Restaurant provision,GHG emissions,ND
Consumer Discretionary,Restaurants,Restaurant provision,Marine ecosystem use,ND
Consumer Discretionary,Restaurants,Restaurant provision,Non-GHG air pollutants,ND
Consumer Discretionary,Restaurants,Restaurant provision,Other resource use,ND
Consumer Discretionary,Restaurants,Restaurant provision,Soil pollutants,ND
Consumer Discretionary,Restaurants,Restaurant provision,Solid waste,M
Consumer Discretionary,Restaurants,Restaurant provision,Terrestrial ecosystem use,ND
Consumer Discretionary,Restaurants,Restaurant provision,Water pollutants,ND
Consumer Discretionary,Restaurants,Restaurant provision,Water use,ND
Consumer Discretionary,Restaurants,Restaurant provision,Biological interferences/alterations,ND
Consumer Staples,Agricultural Products,Saltwater wild-caught fish,Disturbances,ND
Consumer Staples,Agricultural Products,Saltwater wild-caught fish,Freshwater ecosystem use,ND
Consumer Staples,Agricultural Products,Saltwater wild-caught fish,GHG emissions,ND
Consumer Staples,Agricultural Products,Saltwater wild-caught fish,Marine ecosystem use,VH
Consumer Staples,Agricultural Products,Saltwater wild-caught fish,Non-GHG air pollutants,ND
Consumer Staples,Agricultural Products,Saltwater wild-caught fish,Other resource use,H
Consumer Staples,Agricultural Products,Saltwater wild-caught fish,Soil pollutants,ND
Consumer Staples,Agricultural Products,Saltwater wild-caught fish,Solid waste,ND
Consumer Staples,Agricultural Products,Saltwater wild-caught fish,Terrestrial ecosystem use,ND
Consumer Staples,Agricultural Products,Saltwater wild-caught fish,Water pollutants,M
Consumer Staples,Agricultural Products,Saltwater wild-caught fish,Water use,ND
Consumer Staples,Agricultural Products,Saltwater wild-caught fish,Biological interferences/alterations,ND
Information Technology,Semiconductor Equipment,Manufacture of semiconductor equipment,Disturbances,ND
Information Technology,Semiconductor Equipment,Manufacture of semiconductor equipment,Freshwater ecosystem use,ND
Information Technology,Semiconductor Equipment,Manufacture of semiconductor equipment,GHG emissions,H
Information Technology,Semiconductor Equipment,Manufacture of semiconductor equipment,Marine ecosystem use,ND
Information Technology,Semiconductor Equipment,Manufacture of semiconductor equipment,Non-GHG air pollutants,ND
Information Technology,Semiconductor Equipment,Manufacture of semiconductor equipment,Other resource use,ND
Information Technology,Semiconductor Equipment,Manufacture of semiconductor equipment,Soil pollutants,H
Information Technology,Semiconductor Equipment,Manufacture of semiconductor equipment,Solid waste,ND
Information Technology,Semiconductor Equipment,Manufacture of semiconductor equipment,Terrestrial ecosystem use,ND
Information Technology,Semiconductor Equipment,Manufacture of semiconductor equipment,Water pollutants,H
Information Technology,Semiconductor Equipment,Manufacture of semiconductor equipment,Water use,H
Information Technology,Semiconductor Equipment,Manufacture of semiconductor equipment,Biological interferences/alterations,ND
Materials,Forest Products,Small-scale forestry,Disturbances,ND
Materials,Forest Products,Small-scale forestry,Freshwater ecosystem use,ND
Materials,Forest Products,Small-scale forestry,GHG emissions,VH
Materials,Forest Products,Small-scale forestry,Marine ecosystem use,ND
Materials,Forest Products,Small-scale forestry,Non-GHG air pollutants,ND
Materials,Forest Products,Small-scale forestry,Other resource use,ND
Materials,Forest Products,Small-scale forestry,Soil pollutants,M
Materials,Forest Products,Small-scale forestry,Solid waste,ND
Materials,Forest Products,Small-scale forestry,Terrestrial ecosystem use,VH
Materials,Forest Products,Small-scale forestry,Water pollutants,H
Materials,Forest Products,Small-scale forestry,Water use,ND
Materials,Forest Products,Small-scale forestry,Biological interferences/alterations,ND
Consumer Staples,Agricultural Products,Small-scale irrigated arable crops,Disturbances,ND
Consumer Staples,Agricultural Products,Small-scale irrigated arable crops,Freshwater ecosystem use,H
Consumer Staples,Agricultural Products,Small-scale irrigated arable crops,GHG emissions,ND
Consumer Staples,Agricultural Products,Small-scale irrigated arable crops,Marine ecosystem use,ND
Consumer Staples,Agricultural Products,Small-scale irrigated arable crops,Non-GHG air pollutants,ND
Consumer Staples,Agricultural Products,Small-scale irrigated arable crops,Other resource use,ND
Consumer Staples,Agricultural Products,Small-scale irrigated arable crops,Soil pollutants,M
Consumer Staples,Agricultural Products,Small-scale irrigated arable crops,Solid waste,ND
Consumer Staples,Agricultural Products,Small-scale irrigated arable crops,Terrestrial ecosystem use,VH
Consumer Staples,Agricultural Products,Small-scale irrigated arable crops,Water pollutants,H
Consumer Staples,Agricultural Products,Small-scale irrigated arable crops,Water use,H
Consumer Staples,Agricultural Products,Small-scale irrigated arable crops,Biological interferences/alterations,ND
Consumer Staples,Agricultural Products,Small-scale livestock (beef and dairy),Disturbances,ND
Consumer Staples,Agricultural Products,Small-scale livestock (beef and dairy),Freshwater ecosystem use,ND
Consumer Staples,Agricultural Products,Small-scale livestock (beef and dairy),GHG emissions,VH
Consumer Staples,Agricultural Products,Small-scale livestock (beef and dairy),Marine ecosystem use,ND
Consumer Staples,Agricultural Products,Small-scale livestock (beef and dairy),Non-GHG air pollutants,ND
Consumer Staples,Agricultural Products,Small-scale livestock (beef and dairy),Other resource use,ND
Consumer Staples,Agricultural Products,Small-scale livestock (beef and dairy),Soil pollutants,M
Consumer Staples,Agricultural Products,Small-scale livestock (beef and dairy),Solid waste,ND
Consumer Staples,Agricultural Products,Small-scale livestock (beef and dairy),Terrestrial ecosystem use,VH
Consumer Staples,Agricultural Products,Small-scale livestock (beef and dairy),Water pollutants,H
Consumer Staples,Agricultural Products,Small-scale livestock (beef and dairy),Water use,H
Consumer Staples,Agricultural Products,Small-scale livestock (beef and dairy),Biological interferences/alterations,ND
Consumer Staples,Agricultural Products,Small-scale rainfed arable crops,Disturbances,ND
Consumer Staples,Agricultural Products,Small-scale rainfed arable crops,Freshwater ecosystem use,ND
Consumer Staples,Agricultural Products,Small-scale rainfed arable crops,GHG emissions,ND
Consumer Staples,Agricultural Products,Small-scale rainfed arable crops,Marine ecosystem use,ND
Consumer Staples,Agricultural Products,Small-scale rainfed arable crops,Non-GHG air pollutants,ND
Consumer Staples,Agricultural Products,Small-scale rainfed arable crops,Other resource use,ND
Consumer Staples,Agricultural Products,Small-scale rainfed arable crops,Soil pollutants,M
Consumer Staples,Agricultural Products,Small-scale rainfed arable crops,Solid waste,ND
Consumer Staples,Agricultural Products,Small-scale rainfed arable crops,Terrestrial ecosystem use,VH
Consumer Staples,Agricultural Products,Small-scale rainfed arable crops,Water pollutants,M
Consumer Staples,Agricultural Products,Small-scale rainfed arable crops,Water use,ND
Consumer Staples,Agricultural Products,Small-scale rainfed arable crops,Biological interferences/alterations,L
Utilities,Renewable Electricity,Solar energy provision,Disturbances,ND
Utilities,Renewable Electricity,Solar energy provision,Freshwater ecosystem use,ND
Utilities,Renewable Electricity,Solar energy provision,GHG emissions,ND
Utilities,Renewable Electricity,Solar energy provision,Marine ecosystem use,ND
Utilities,Renewable Electricity,Solar energy provision,Non-GHG air pollutants,ND
Utilities,Renewable Electricity,Solar energy provision,Other resource use,ND
Utilities,Renewable Electricity,Solar energy provision,Soil pollutants,L
Utilities,Renewable Electricity,Solar energy provision,Solid waste,ND
Utilities,Renewable Electricity,Solar energy provision,Terrestrial ecosystem use,VH
Utilities,Renewable Electricity,Solar energy provision,Water pollutants,L
Utilities,Renewable Electricity,Solar energy provision,Water use,VH
Utilities,Renewable Electricity,Solar energy provision,Biological interferences/alterations,ND
Materials,Specialty Chemicals,Solids processing,Disturbances,ND
Materials,Specialty Chemicals,Solids processing,Freshwater ecosystem use,ND
Materials,Specialty Chemicals,Solids processing,GHG emissions,VH
Materials,Specialty Chemicals,Solids processing,Marine ecosystem use,ND
Materials,Specialty Chemicals,Solids processing,Non-GHG air pollutants,M
Materials,Specialty Chemicals,Solids processing,Other resource use,ND
Materials,Specialty Chemicals,Solids processing,Soil pollutants,H
Materials,Specialty Chemicals,Solids processing,Solid waste,ND
Materials,Specialty Chemicals,Solids processing,Terrestrial ecosystem use,ND
Materials,Specialty Chemicals,Solids processing,Water pollutants,H
Materials,Specialty Chemicals,Solids processing,Water use,ND
Materials,Specialty Chemicals,Solids processing,Biological interferences/alterations,ND
Materials,Steel,Steel production,Disturbances,ND
Materials,Steel,Steel production,Freshwater ecosystem use,ND
Materials,Steel,Steel production,GHG emissions,VH
Materials,Steel,Steel production,Marine ecosystem use,ND
Materials,Steel,Steel production,Non-GHG air pollutants,ND
Materials,Steel,Steel production,Other resource use,ND
Materials,Steel,Steel production,Soil pollutants,ND
Materials,Steel,Steel production,Solid waste,H
Materials,Steel,Steel production,Terrestrial ecosystem use,ND
Materials,Steel,Steel production,Water pollutants,ND
Materials,Steel,Steel production,Water use,H
Materials,Steel,Steel production,Biological interferences/alterations,ND
Materials,Fertilizers & Agricultural Chemicals,Synthetic fertilizer production,Disturbances,ND
Materials,Fertilizers & Agricultural Chemicals,Synthetic fertilizer production,Freshwater ecosystem use,ND
Materials,Fertilizers & Agricultural Chemicals,Synthetic fertilizer production,GHG emissions,ND
Materials,Fertilizers & Agricultural Chemicals,Synthetic fertilizer production,Marine ecosystem use,ND
Materials,Fertilizers & Agricultural Chemicals,Synthetic fertilizer production,Non-GHG air pollutants,H
Materials,Fertilizers & Agricultural Chemicals,Synthetic fertilizer production,Other resource use,ND
Materials,Fertilizers & Agricultural Chemicals,Synthetic fertilizer production,Soil pollutants,ND
Materials,Fertilizers & Agricultural Chemicals,Synthetic fertilizer production,Solid waste,ND
Materials,Fertilizers & Agricultural Chemicals,Synthetic fertilizer production,Terrestrial ecosystem use,ND
Materials,Fertilizers & Agricultural Chemicals,Synthetic fertilizer production,Water pollutants,L
Materials,Fertilizers & Agricultural Chemicals,Synthetic fertilizer production,Water use,H
Materials,Fertilizers & Agricultural Chemicals,Synthetic fertilizer production,Biological interferences/alterations,ND
Consumer Discretionary,"Apparel, Accessories & Luxury Goods",Synthetic fibre production,Disturbances,ND
Consumer Discretionary,"Apparel, Accessories & Luxury Goods",Synthetic fibre production,Freshwater ecosystem use,ND
Consumer Discretionary,"Apparel, Accessories & Luxury Goods",Synthetic fibre production,GHG emissions,ND
Consumer Discretionary,"Apparel, Accessories & Luxury Goods",Synthetic fibre production,Marine ecosystem use,ND
Consumer Discretionary,"Apparel, Accessories & Luxury Goods",Synthetic fibre production,Non-GHG air pollutants,H
Consumer Discretionary,"Apparel, Accessories & Luxury Goods",Synthetic fibre production,Other resource use,ND
Consumer Discretionary,"Apparel, Accessories & Luxury Goods",Synthetic fibre production,Soil pollutants,M
Consumer Discretionary,"Apparel, Accessories & Luxury Goods",Synthetic fibre production,Solid waste,H
Consumer Discretionary,"Apparel, Accessories & Luxury Goods",Synthetic fibre production,Terrestrial ecosystem use,ND
Consumer Discretionary,"Apparel, Accessories & Luxury Goods",Synthetic fibre production,Water pollutants,H
Consumer Discretionary,"Apparel, Accessories & Luxury Goods",Synthetic fibre production,Water use,H
Consumer Discretionary,"Apparel, Accessories & Luxury Goods",Synthetic fibre production,Biological interferences/alterations,ND
Consumer Discretionary,Textiles,Synthetic fibre production,Disturbances,ND
Consumer Discretionary,Textiles,Synthetic fibre production,Freshwater ecosystem use,ND
Consumer Discretionary,Textiles,Synthetic fibre production,GHG emissions,ND
Consumer Discretionary,Textiles,Synthetic fibre production,Marine ecosystem use,ND
Consumer Discretionary,Textiles,Synthetic fibre production,Non-GHG air pollutants,H
Consumer Discretionary,Textiles,Synthetic fibre production,Other resource use,ND
Consumer Discretionary,Textiles,Synthetic fibre production,Soil pollutants,M
Consumer Discretionary,Textiles,Synthetic fibre production,Solid waste,H
Consumer Discretionary,Textiles,Synthetic fibre production,Terrestrial ecosystem use,ND
Consumer Discretionary,Textiles,Synthetic fibre production,Water pollutants,H
Consumer Discretionary,Textiles,Synthetic fibre production,Water use,H
Consumer Discretionary,Textiles,Synthetic fibre production,Biological interferences/alterations,ND
Telecommunication Services,Integrated Telecommunication Services,Telecommunication and wireless services,Disturbances,ND
Telecommunication Services,Integrated Telecommunication Services,Telecommunication and wireless services,Freshwater ecosystem use,ND
Telecommunication Services,Integrated Telecommunication Services,Telecommunication and wireless services,GHG emissions,ND
Telecommunication Services,Integrated Telecommunication Services,Telecommunication and wireless services,Marine ecosystem use,ND
Telecommunication Services,Integrated Telecommunication Services,Telecommunication and wireless services,Non-GHG air pollutants,ND
Telecommunication Services,Integrated Telecommunication Services,Telecommunication and wireless services,Other resource use,ND
Telecommunication Services,Integrated Telecommunication Services,Telecommunication and wireless services,Soil pollutants,L
Telecommunication Services,Integrated Telecommunication Services,Telecommunication and wireless services,Solid waste,M
Telecommunication Services,Integrated Telecommunication Services,Telecommunication and wireless services,Terrestrial ecosystem use,H
Telecommunication Services,Integrated Telecommunication Services,Telecommunication and wireless services,Water pollutants,VL
Telecommunication Services,Integrated Telecommunication Services,Telecommunication and wireless services,Water use,ND
Telecommunication Services,Integrated Telecommunication Services,Telecommunication and wireless services,Biological interferences/alterations,H
Telecommunication Services,Wireless Telecommunication Services,Telecommunication and wireless services,Disturbances,ND
Telecommunication Services,Wireless Telecommunication Services,Telecommunication and wireless services,Freshwater ecosystem use,ND
Telecommunication Services,Wireless Telecommunication Services,Telecommunication and wireless services,GHG emissions,ND
Telecommunication Services,Wireless Telecommunication Services,Telecommunication and wireless services,Marine ecosystem use,ND
Telecommunication Services,Wireless Telecommunication Services,Telecommunication and wireless services,Non-GHG air pollutants,ND
Telecommunication Services,Wireless Telecommunication Services,Telecommunication and wireless services,Other resource use,ND
Telecommunication Services,Wireless Telecommunication Services,Telecommunication and wireless services,Soil pollutants,L
Telecommunication Services,Wireless Telecommunication Services,Telecommunication and wireless services,Solid waste,M
Telecommunication Services,Wireless Telecommunication Services,Telecommunication and wireless services,Terrestrial ecosystem use,H
Telecommunication Services,Wireless Telecommunication Services,Telecommunication and wireless services,Water pollutants,VL
Telecommunication Services,Wireless Telecommunication Services,Telecommunication and wireless services,Water use,ND
Telecommunication Services,Wireless Telecommunication Services,Telecommunication and wireless services,Biological interferences/alterations,H
Consumer Staples,Tobacco,Tobacco production,Disturbances,ND
Consumer Staples,Tobacco,Tobacco production,Freshwater ecosystem use,ND
Consumer Staples,Tobacco,Tobacco production,GHG emissions,VH
Consumer Staples,Tobacco,Tobacco production,Marine ecosystem use,ND
Consumer Staples,Tobacco,Tobacco production,Non-GHG air pollutants,ND
Consumer Staples,Tobacco,Tobacco production,Other resource use,ND
Consumer Staples,Tobacco,Tobacco production,Soil pollutants,H
Consumer Staples,Tobacco,Tobacco production,Solid waste,ND
Consumer Staples,Tobacco,Tobacco production,Terrestrial ecosystem use,VH
Consumer Staples,Tobacco,Tobacco production,Water pollutants,H
Consumer Staples,Tobacco,Tobacco production,Water use,H
Consumer Staples,Tobacco,Tobacco production,Biological interferences/alterations,L
Consumer Discretionary,Tires & Rubber,Tyre and rubber production,Disturbances,H
Consumer Discretionary,Tires & Rubber,Tyre and rubber production,Freshwater ecosystem use,ND
Consumer Discretionary,Tires & Rubber,Tyre and rubber production,GHG emissions,VH
Consumer Discretionary,Tires & Rubber,Tyre and rubber production,Marine ecosystem use,ND
Consumer Discretionary,Tires & Rubber,Tyre and rubber production,Non-GHG air pollutants,M
Consumer Discretionary,Tires & Rubber,Tyre and rubber production,Other resource use,ND
Consumer Discretionary,Tires & Rubber,Tyre and rubber production,Soil pollutants,M
Consumer Discretionary,Tires & Rubber,Tyre and rubber production,Solid waste,H
Consumer Discretionary,Tires & Rubber,Tyre and rubber production,Terrestrial ecosystem use,ND
Consumer Discretionary,Tires & Rubber,Tyre and rubber production,Water pollutants,M
Consumer Discretionary,Tires & Rubber,Tyre and rubber production,Water use,H
Consumer Discretionary,Tires & Rubber,Tyre and rubber production,Biological interferences/alterations,ND
Materials,Diversified Chemicals,Vulcanisation,Disturbances,ND
Materials,Diversified Chemicals,Vulcanisation,Freshwater ecosystem use,ND
Materials,Diversified Chemicals,Vulcanisation,GHG emissions,VH
Materials,Diversified Chemicals,Vulcanisation,Marine ecosystem use,ND
Materials,Diversified Chemicals,Vulcanisation,Non-GHG air pollutants,H
Materials,Diversified Chemicals,Vulcanisation,Other resource use,ND
Materials,Diversified Chemicals,Vulcanisation,Soil pollutants,L
Materials,Diversified Chemicals,Vulcanisation,Solid waste,H
Materials,Diversified Chemicals,Vulcanisation,Terrestrial ecosystem use,ND
Materials,Diversified Chemicals,Vulcanisation,Water pollutants,L
Materials,Diversified Chemicals,Vulcanisation,Water use,H
Materials,Diversified Chemicals,Vulcanisation,Biological interferences/alterations,ND
Utilities,Water Utilities,"Water services (e.g. waste water, treatment and distribution)",Disturbances,ND
Utilities,Water Utilities,"Water services (e.g. waste water, treatment and distribution)",Freshwater ecosystem use,H
Utilities,Water Utilities,"Water services (e.g. waste water, treatment and distribution)",GHG emissions,ND
Utilities,Water Utilities,"Water services (e.g. waste water, treatment and distribution)",Marine ecosystem use,ND
Utilities,Water Utilities,"Water services (e.g. waste water, treatment and distribution)",Non-GHG air pollutants,ND
Utilities,Water Utilities,"Water services (e.g. waste water, treatment and distribution)",Other resource use,ND
Utilities,Water Utilities,"Water services (e.g. waste water, treatment and distribution)",Soil pollutants,L
Utilities,Water Utilities,"Water services (e.g. waste water, treatment and distribution)",Solid waste,ND
Utilities,Water Utilities,"Water services (e.g. waste water, treatment and distribution)",Terrestrial ecosystem use,H
Utilities,Water Utilities,"Water services (e.g. waste water, treatment and distribution)",Water pollutants,L
Utilities,Water Utilities,"Water services (e.g. waste water, treatment and distribution)",Water use,H
Utilities,Water Utilities,"Water services (e.g. waste water, treatment and distribution)",Biological interferences/alterations,ND
Utilities,Renewable Electricity,Wind energy provision,Disturbances,M
Utilities,Renewable Electricity,Wind energy provision,Freshwater ecosystem use,M
Utilities,Renewable Electricity,Wind energy provision,GHG emissions,ND
Utilities,Renewable Electricity,Wind energy provision,Marine ecosystem use,H
Utilities,Renewable Electricity,Wind energy provision,Non-GHG air pollutants,ND
Utilities,Renewable Electricity,Wind energy provision,Other resource use,ND
Utilities,Renewable Electricity,Wind energy provision,Soil pollutants,L
Utilities,Renewable Electricity,Wind energy provision,Solid waste,ND
Utilities,Renewable Electricity,Wind energy provision,Terrestrial ecosystem use,H
Utilities,Renewable Electricity,Wind energy provision,Water pollutants,L
Utilities,Renewable Electricity,Wind energy provision,Water use,ND
Utilities,Renewable Electricity,Wind energy provision,Biological interferences/alterations,ND
Industrials,Commercial Printing,Commercial printing,Disturbances,ND
Industrials,Commercial Printing,Commercial printing,Freshwater ecosystem use,ND
Industrials,Commercial Printing,Commercial printing,GHG emissions,ND
Industrials,Commercial Printing,Commercial printing,Marine ecosystem use,ND
Industrials,Commercial Printing,Commercial printing,Non-GHG air pollutants,M
Industrials,Commercial Printing,Commercial printing,Other resource use,ND
Industrials,Commercial Printing,Commercial printing,Soil pollutants,H
Industrials,Commercial Printing,Commercial printing,Solid waste,M
Industrials,Commercial Printing,Commercial printing,Terrestrial ecosystem use,ND
Industrials,Commercial Printing,Commercial printing,Water pollutants,H
Industrials,Commercial Printing,Commercial printing,Water use,H
Industrials,Commercial Printing,Commercial printing,Biological interferences/alterations,ND
Information Technology,Application Software,Internet services,Disturbances,ND
Information Technology,Application Software,Internet services,Freshwater ecosystem use,ND
Information Technology,Application Software,Internet services,GHG emissions,ND
Information Technology,Application Software,Internet services,Marine ecosystem use,ND
Information Technology,Application Software,Internet services,Non-GHG air pollutants,ND
Information Technology,Application Software,Internet services,Other resource use,ND
Information Technology,Application Software,Internet services,Soil pollutants,ND
Information Technology,Application Software,Internet services,Solid waste,M
Information Technology,Application Software,Internet services,Terrestrial ecosystem use,ND
Information Technology,Application Software,Internet services,Water pollutants,ND
Information Technology,Application Software,Internet services,Water use,ND
Information Technology,Application Software,Internet services,Biological interferences/alterations,ND
Information Technology,Data Processing & Outsourced Services,Data processing and outsourced services,Disturbances,ND
Information Technology,Data Processing & Outsourced Services,Data processing and outsourced services,Freshwater ecosystem use,ND
Information Technology,Data Processing & Outsourced Services,Data processing and outsourced services,GHG emissions,ND
Information Technology,Data Processing & Outsourced Services,Data processing and outsourced services,Marine ecosystem use,ND
Information Technology,Data Processing & Outsourced Services,Data processing and outsourced services,Non-GHG air pollutants,ND
Information Technology,Data Processing & Outsourced Services,Data processing and outsourced services,Other resource use,ND
Information Technology,Data Processing & Outsourced Services,Data processing and outsourced services,Soil pollutants,ND
Information Technology,Data Processing & Outsourced Services,Data processing and outsourced services,Solid waste,M
Information Technology,Data Processing & Outsourced Services,Data processing and outsourced services,Terrestrial ecosystem use,ND
Information Technology,Data Processing & Outsourced Services,Data processing and outsourced services,Water pollutants,H
Information Technology,Data Processing & Outsourced Services,Data processing and outsourced services,Water use,H
Information Technology,Data Processing & Outsourced Services,Data processing and outsourced services,Biological interferences/alterations,ND
Real Estate,Diversified REITs,Real estate investment,Disturbances,ND
Real Estate,Diversified REITs,Real estate investment,Freshwater ecosystem use,ND
Real Estate,Diversified REITs,Real estate investment,GHG emissions,ND
Real Estate,Diversified REITs,Real estate investment,Marine ecosystem use,ND
Real Estate,Diversified REITs,Real estate investment,Non-GHG air pollutants,ND
Real Estate,Diversified REITs,Real estate investment,Other resource use,ND
Real Estate,Diversified REITs,Real estate investment,Soil pollutants,ND
Real Estate,Diversified REITs,Real estate investment,Solid waste,M
Real Estate,Diversified REITs,Real estate investment,Terrestrial ecosystem use,ND
Real Estate,Diversified REITs,Real estate investment,Water pollutants,ND
Real Estate,Diversified REITs,Real estate investment,Water use,ND
Real Estate,Diversified REITs,Real estate investment,Biological interferences/alterations,ND
Real Estate,Health Care REITs,Real estate investment,Disturbances,ND
Real Estate,Health Care REITs,Real estate investment,Freshwater ecosystem use,ND
Real Estate,Health Care REITs,Real estate investment,GHG emissions,ND
Real Estate,Health Care REITs,Real estate investment,Marine ecosystem use,ND
Real Estate,Health Care REITs,Real estate investment,Non-GHG air pollutants,ND
Real Estate,Health Care REITs,Real estate investment,Other resource use,ND
Real Estate,Health Care REITs,Real estate investment,Soil pollutants,ND
Real Estate,Health Care REITs,Real estate investment,Solid waste,M
Real Estate,Health Care REITs,Real estate investment,Terrestrial ecosystem use,ND
Real Estate,Health Care REITs,Real estate investment,Water pollutants,ND
Real Estate,Health Care REITs,Real estate investment,Water use,ND
Real Estate,Health Care REITs,Real estate investment,Biological interferences/alterations,ND
Real Estate,Hotel & Resort REITs,Real estate investment,Disturbances,ND
Real Estate,Hotel & Resort REITs,Real estate investment,Freshwater ecosystem use,ND
Real Estate,Hotel & Resort REITs,Real estate investment,GHG emissions,ND
Real Estate,Hotel & Resort REITs,Real estate investment,Marine ecosystem use,ND
Real Estate,Hotel & Resort REITs,Real estate investment,Non-GHG air pollutants,ND
Real Estate,Hotel & Resort REITs,Real estate investment,Other resource use,ND
Real Estate,Hotel & Resort REITs,Real estate investment,Soil pollutants,ND
Real Estate,Hotel & Resort REITs,Real estate investment,Solid waste,M
Real Estate,Hotel & Resort REITs,Real estate investment,Terrestrial ecosystem use,ND
Real Estate,Hotel & Resort REITs,Real estate investment,Water pollutants,ND
Real Estate,Hotel & Resort REITs,Real estate investment,Water use,ND
Real Estate,Hotel & Resort REITs,Real estate investment,Biological interferences/alterations,ND
Real Estate,Industrial REITs,Real estate investment,Disturbances,ND
Real Estate,Industrial REITs,Real estate investment,Freshwater ecosystem use,ND
Real Estate,Industrial REITs,Real estate investment,GHG emissions,ND
Real Estate,Industrial REITs,Real estate investment,Marine ecosystem use,ND
Real Estate,Industrial REITs,Real estate investment,Non-GHG air pollutants,ND
Real Estate,Industrial REITs,Real estate investment,Other resource use,ND
Real Estate,Industrial REITs,Real estate investment,Soil pollutants,ND
Real Estate,Industrial REITs,Real estate investment,Solid waste,M
Real Estate,Industrial REITs,Real estate investment,Terrestrial ecosystem use,ND
Real Estate,Industrial REITs,Real estate investment,Water pollutants,ND
Real Estate,Industrial REITs,Real estate investment,Water use,ND
Real Estate,Industrial REITs,Real estate investment,Biological interferences/alterations,ND
Financials,Mortgage REITs,Real estate investment,Disturbances,ND
Financials,Mortgage REITs,Real estate investment,Freshwater ecosystem use,ND
Financials,Mortgage REITs,Real estate investment,GHG emissions,ND
Financials,Mortgage REITs,Real estate investment,Marine ecosystem use,ND
Financials,Mortgage REITs,Real estate investment,Non-GHG air pollutants,ND
Financials,Mortgage REITs,Real estate investment,Other resource use,ND
Financials,Mortgage REITs,Real estate investment,Soil pollutants,ND
Financials,Mortgage REITs,Real estate investment,Solid waste,M
Financials,Mortgage REITs,Real estate investment,Terrestrial ecosystem use,ND
Financials,Mortgage REITs,Real estate investment,Water pollutants,ND
Financials,Mortgage REITs,Real estate investment,Water use,ND
Financials,Mortgage REITs,Real estate investment,Biological interferences/alterations,ND
Real Estate,Office REITs,Real estate investment,Disturbances,ND
Real Estate,Office REITs,Real estate investment,Freshwater ecosystem use,ND
Real Estate,Office REITs,Real estate investment,GHG emissions,ND
Real Estate,Office REITs,Real estate investment,Marine ecosystem use,ND
Real Estate,Office REITs,Real estate investment,Non-GHG air pollutants,ND
Real Estate,Office REITs,Real estate investment,Other resource use,ND
Real Estate,Office REITs,Real estate investment,Soil pollutants,ND
Real Estate,Office REITs,Real estate investment,Solid waste,M
Real Estate,Office REITs,Real estate investment,Terrestrial ecosystem use,ND
Real Estate,Office REITs,Real estate investment,Water pollutants,ND
Real Estate,Office REITs,Real estate investment,Water use,ND
Real Estate,Office REITs,Real estate investment,Biological interferences/alterations,ND
Real Estate,Residential REITs,Real estate investment,Disturbances,ND
Real Estate,Residential REITs,Real estate investment,Freshwater ecosystem use,ND
Real Estate,Residential REITs,Real estate investment,GHG emissions,ND
Real Estate,Residential REITs,Real estate investment,Marine ecosystem use,ND
Real Estate,Residential REITs,Real estate investment,Non-GHG air pollutants,ND
Real Estate,Residential REITs,Real estate investment,Other resource use,ND
Real Estate,Residential REITs,Real estate investment,Soil pollutants,ND
Real Estate,Residential REITs,Real estate investment,Solid waste,M
Real Estate,Residential REITs,Real estate investment,Terrestrial ecosystem use,ND
Real Estate,Residential REITs,Real estate investment,Water pollutants,ND
Real Estate,Residential REITs,Real estate investment,Water use,ND
Real Estate,Residential REITs,Real estate investment,Biological interferences/alterations,ND
Real Estate,Retail REITs,Real estate investment,Disturbances,ND
Real Estate,Retail REITs,Real estate investment,Freshwater ecosystem use,ND
Real Estate,Retail REITs,Real estate investment,GHG emissions,ND
Real Estate,Retail REITs,Real estate investment,Marine ecosystem use,ND
Real Estate,Retail REITs,Real estate investment,Non-GHG air pollutants,ND
Real Estate,Retail REITs,Real estate investment,Other resource use,ND
Real Estate,Retail REITs,Real estate investment,Soil pollutants,ND
Real Estate,Retail REITs,Real estate investment,Solid waste,M
Real Estate,Retail REITs,Real estate investment,Terrestrial ecosystem use,ND
Real Estate,Retail REITs,Real estate investment,Water pollutants,ND
Real Estate,Retail REITs,Real estate investment,Water use,ND
Real Estate,Retail REITs,Real estate investment,Biological interferences/alterations,ND
Real Estate,Specialized REITs,Real estate investment,Disturbances,ND
Real Estate,Specialized REITs,Real estate investment,Freshwater ecosystem use,ND
Real Estate,Specialized REITs,Real estate investment,GHG emissions,ND
Real Estate,Specialized REITs,Real estate investment,Marine ecosystem use,ND
Real Estate,Specialized REITs,Real estate investment,Non-GHG air pollutants,ND
Real Estate,Specialized REITs,Real estate investment,Other resource use,ND
Real Estate,Specialized REITs,Real estate investment,Soil pollutants,ND
Real Estate,Specialized REITs,Real estate investment,Solid waste,M
Real Estate,Specialized REITs,Real estate investment,Terrestrial ecosystem use,ND
Real Estate,Specialized REITs,Real estate investment,Water pollutants,ND
Real Estate,Specialized REITs,Real estate investment,Water use,ND
Real Estate,Specialized REITs,Real estate investment,Biological interferences/alterations,ND
Health Care,Health Care Equipment,Health care equipment production,Disturbances,ND
Health Care,Health Care Equipment,Health care equipment production,Freshwater ecosystem use,ND
Health Care,Health Care Equipment,Health care equipment production,GHG emissions,VH
Health Care,Health Care Equipment,Health care equipment production,Marine ecosystem use,ND
Health Care,Health Care Equipment,Health care equipment production,Non-GHG air pollutants,M
Health Care,Health Care Equipment,Health care equipment production,Other resource use,ND
Health Care,Health Care Equipment,Health care equipment production,Soil pollutants,ND
Health Care,Health Care Equipment,Health care equipment production,Solid waste,H
Health Care,Health Care Equipment,Health care equipment production,Terrestrial ecosystem use,ND
Health Care,Health Care Equipment,Health care equipment production,Water pollutants,M
Health Care,Health Care Equipment,Health care equipment production,Water use,ND
Health Care,Health Care Equipment,Health care equipment production,Biological interferences/alterations,ND
Health Care,Health Care Supplies,Health care equipment production,Disturbances,ND
Health Care,Health Care Supplies,Health care equipment production,Freshwater ecosystem use,ND
Health Care,Health Care Supplies,Health care equipment production,GHG emissions,VH
Health Care,Health Care Supplies,Health care equipment production,Marine ecosystem use,ND
Health Care,Health Care Supplies,Health care equipment production,Non-GHG air pollutants,M
Health Care,Health Care Supplies,Health care equipment production,Other resource use,ND
Health Care,Health Care Supplies,Health care equipment production,Soil pollutants,ND
Health Care,Health Care Supplies,Health care equipment production,Solid waste,H
Health Care,Health Care Supplies,Health care equipment production,Terrestrial ecosystem use,ND
Health Care,Health Care Supplies,Health care equipment production,Water pollutants,M
Health Care,Health Care Supplies,Health care equipment production,Water use,ND
Health Care,Health Care Supplies,Health care equipment production,Biological interferences/alterations,ND
Consumer Discretionary,Leisure Facilities,Leisure facility provision,Disturbances,ND
Consumer Discretionary,Leisure Facilities,Leisure facility provision,Freshwater ecosystem use,ND
Consumer Discretionary,Leisure Facilities,Leisure facility provision,GHG emissions,ND
Consumer Discretionary,Leisure Facilities,Leisure facility provision,Marine ecosystem use,ND
Consumer Discretionary,Leisure Facilities,Leisure facility provision,Non-GHG air pollutants,ND
Consumer Discretionary,Leisure Facilities,Leisure facility provision,Other resource use,ND
Consumer Discretionary,Leisure Facilities,Leisure facility provision,Soil pollutants,ND
Consumer Discretionary,Leisure Facilities,Leisure facility provision,Solid waste,M
Consumer Discretionary,Leisure Facilities,Leisure facility provision,Terrestrial ecosystem use,ND
Consumer Discretionary,Leisure Facilities,Leisure facility provision,Water pollutants,ND
Consumer Discretionary,Leisure Facilities,Leisure facility provision,Water use,ND
Consumer Discretionary,Leisure Facilities,Leisure facility provision,Biological interferences/alterations,ND
Information Technology,Semiconductors,Manufacture of semiconductor equipment,Disturbances,ND
Information Technology,Semiconductors,Manufacture of semiconductor equipment,Freshwater ecosystem use,ND
Information Technology,Semiconductors,Manufacture of semiconductor equipment,GHG emissions,H
Information Technology,Semiconductors,Manufacture of semiconductor equipment,Marine ecosystem use,ND
Information Technology,Semiconductors,Manufacture of semiconductor equipment,Non-GHG air pollutants,ND
Information Technology,Semiconductors,Manufacture of semiconductor equipment,Other resource use,ND
Information Technology,Semiconductors,Manufacture of semiconductor equipment,Soil pollutants,H
Information Technology,Semiconductors,Manufacture of semiconductor equipment,Solid waste,ND
Information Technology,Semiconductors,Manufacture of semiconductor equipment,Terrestrial ecosystem use,ND
Information Technology,Semiconductors,Manufacture of semiconductor equipment,Water pollutants,H
Information Technology,Semiconductors,Manufacture of semiconductor equipment,Water use,H
Information Technology,Semiconductors,Manufacture of semiconductor equipment,Biological interferences/alterations,ND
Consumer Discretionary,Specialized Consumer Services,Specialised consumer services,Disturbances,ND
Consumer Discretionary,Specialized Consumer Services,Specialised consumer services,Freshwater ecosystem use,ND
Consumer Discretionary,Specialized Consumer Services,Specialised consumer services,GHG emissions,ND
Consumer Discretionary,Specialized Consumer Services,Specialised consumer services,Marine ecosystem use,ND
Consumer Discretionary,Specialized Consumer Services,Specialised consumer services,Non-GHG air pollutants,ND
Consumer Discretionary,Specialized Consumer Services,Specialised consumer services,Other resource use,ND
Consumer Discretionary,Specialized Consumer Services,Specialised consumer services,Soil pollutants,ND
Consumer Discretionary,Specialized Consumer Services,Specialised consumer services,Solid waste,M
Consumer Discretionary,Specialized Consumer Services,Specialised consumer services,Terrestrial ecosystem use,ND
Consumer Discretionary,Specialized Consumer Services,Specialised consumer services,Water pollutants,ND
Consumer Discretionary,Specialized Consumer Services,Specialised consumer services,Water use,ND
Consumer Discretionary,Specialized Consumer Services,Specialised consumer services,Biological interferences/alterations,ND
Information Technology,Systems Software,Internet services,Disturbances,ND
Information Technology,Systems Software,Internet services,Freshwater ecosystem use,ND
Information Technology,Systems Software,Internet services,GHG emissions,ND
Information Technology,Systems Software,Internet services,Marine ecosystem use,ND
Information Technology,Systems Software,Internet services,Non-GHG air pollutants,ND
Information Technology,Systems Software,Internet services,Other resource use,ND
Information Technology,Systems Software,Internet services,Soil pollutants,ND
Information Technology,Systems Software,Internet services,Solid waste,M
Information Technology,Systems Software,Internet services,Terrestrial ecosystem use,ND
Information Technology,Systems Software,Internet services,Water pollutants,ND
Information Technology,Systems Software,Internet services,Water use,ND
Information Technology,Systems Software,Internet services,Biological interferences/alterations,ND
